airline, origin, destination, date, fare
SU, SVO, DME, 25/09/2018, 117
KL, SVO, WAW, 15/09/2018, 112
SU, WAW, SVO, 12/09/2018, 128
KL, SVO, DME, 11/09/2018, 120
LO, WAW, LED, 22/09/2018, 107
N4, SVO, WAW, 24/09/2018, 104
N4, SVO, VKO, 24/09/2018, 95
SU, VKO, WAW, 12/09/2018, 98
N4, DME, KRK, 19/09/2018, 123
LO, DME, KRK, 11/09/2018, 125
LO, WAW, VKO, 13/09/2018, 90
N4, DME, LED, 13/09/2018, 100
BT, LED, KRK, 23/09/2018, 112
SU, KRK, LED, 21/09/2018, 118
N4, WAW, DME, 24/09/2018, 115
SU, WAW, DME, 25/09/2018, 99
LO, SVO, DME, 23/09/2018, 111
BT, LED, SVO, 22/09/2018, 94
N4, LED, VKO, 12/09/2018, 119
KL, WAW, VKO, 12/09/2018, 119
SU, DME, VKO, 21/09/2018, 96
BT, WAW, KRK, 22/09/2018, 108
KL, LED, WAW, 22/09/2018, 128
LO, VKO, WAW, 11/09/2018, 108
SU, VKO, LED, 16/09/2018, 112
LO, LED, KRK, 13/09/2018, 92
KL, DME, VKO, 14/09/2018, 130
LO, KRK, DME, 12/09/2018, 113
KL, DME, KRK, 16/09/2018, 118
SU, SVO, KRK, 17/09/2018, 129
SU, KRK, LED, 15/09/2018, 128
KL, SVO, VKO, 22/09/2018, 110
BT, KRK, SVO, 17/09/2018, 120
LO, SVO, DME, 12/09/2018, 90
LO, WAW, SVO, 16/09/2018, 123
KL, WAW, SVO, 21/09/2018, 124
KL, WAW, DME, 18/09/2018, 103
KL, LED, DME, 17/09/2018, 97
BT, WAW, DME, 15/09/2018, 121
SU, WAW, VKO, 22/09/2018, 128
SU, DME, WAW, 25/09/2018, 114
SU, SVO, LED, 16/09/2018, 104
KL, DME, LED, 23/09/2018, 93
LO, DME, KRK, 13/09/2018, 122
N4, SVO, DME, 17/09/2018, 90
N4, WAW, VKO, 25/09/2018, 109
N4, WAW, SVO, 15/09/2018, 91
BT, SVO, WAW, 25/09/2018, 93
LO, DME, WAW, 11/09/2018, 105
BT, WAW, LED, 17/09/2018, 92
SU, SVO, LED, 13/09/2018, 127
N4, KRK, WAW, 14/09/2018, 110
BT, SVO, LED, 24/09/2018, 129
BT, DME, SVO, 24/09/2018, 111
SU, LED, KRK, 25/09/2018, 111
N4, VKO, KRK, 24/09/2018, 124
KL, DME, WAW, 15/09/2018, 116
LO, KRK, SVO, 19/09/2018, 101
N4, LED, SVO, 19/09/2018, 111
BT, KRK, DME, 19/09/2018, 118
BT, KRK, LED, 14/09/2018, 124
SU, VKO, DME, 22/09/2018, 119
KL, DME, KRK, 24/09/2018, 105
KL, SVO, DME, 15/09/2018, 90
BT, SVO, DME, 14/09/2018, 120
LO, VKO, SVO, 16/09/2018, 113
KL, DME, VKO, 15/09/2018, 109
BT, KRK, VKO, 11/09/2018, 102
SU, KRK, WAW, 23/09/2018, 115
LO, KRK, SVO, 11/09/2018, 99
N4, DME, WAW, 16/09/2018, 103
LO, SVO, LED, 19/09/2018, 113
KL, VKO, KRK, 11/09/2018, 110
KL, WAW, SVO, 13/09/2018, 120
LO, KRK, LED, 23/09/2018, 128
LO, KRK, WAW, 13/09/2018, 102
LO, WAW, DME, 12/09/2018, 120
BT, KRK, LED, 25/09/2018, 130
N4, SVO, VKO, 22/09/2018, 121
SU, WAW, DME, 19/09/2018, 117
SU, SVO, WAW, 18/09/2018, 119
SU, SVO, WAW, 24/09/2018, 105
LO, VKO, LED, 25/09/2018, 127
LO, SVO, LED, 17/09/2018, 99
BT, VKO, KRK, 16/09/2018, 117
KL, LED, SVO, 23/09/2018, 95
BT, DME, LED, 13/09/2018, 123
N4, VKO, SVO, 21/09/2018, 93
N4, KRK, WAW, 24/09/2018, 129
SU, WAW, KRK, 13/09/2018, 120
N4, KRK, SVO, 21/09/2018, 118
LO, LED, SVO, 25/09/2018, 110
LO, LED, WAW, 17/09/2018, 128
SU, SVO, WAW, 11/09/2018, 114
BT, WAW, DME, 19/09/2018, 127
LO, SVO, WAW, 21/09/2018, 129
N4, LED, SVO, 18/09/2018, 90
SU, KRK, LED, 11/09/2018, 104
KL, WAW, SVO, 15/09/2018, 92
LO, WAW, SVO, 11/09/2018, 115
BT, SVO, VKO, 11/09/2018, 111
N4, VKO, WAW, 15/09/2018, 94
KL, LED, WAW, 15/09/2018, 97
LO, KRK, LED, 24/09/2018, 103
LO, LED, WAW, 13/09/2018, 123
LO, KRK, LED, 25/09/2018, 110
SU, DME, KRK, 14/09/2018, 125
LO, DME, SVO, 25/09/2018, 123
SU, KRK, DME, 11/09/2018, 104
LO, VKO, SVO, 21/09/2018, 127
LO, LED, KRK, 24/09/2018, 124
SU, LED, DME, 13/09/2018, 106
SU, DME, LED, 24/09/2018, 121
LO, WAW, KRK, 24/09/2018, 93
BT, LED, VKO, 25/09/2018, 124
N4, VKO, LED, 18/09/2018, 102
N4, LED, SVO, 22/09/2018, 109
N4, LED, DME, 13/09/2018, 97
SU, DME, VKO, 14/09/2018, 119
KL, KRK, LED, 25/09/2018, 96
BT, KRK, SVO, 23/09/2018, 105
N4, KRK, SVO, 13/09/2018, 97
N4, DME, SVO, 15/09/2018, 117
N4, LED, KRK, 14/09/2018, 94
SU, SVO, LED, 25/09/2018, 128
BT, DME, LED, 16/09/2018, 130
SU, SVO, WAW, 25/09/2018, 104
N4, SVO, WAW, 17/09/2018, 99
BT, LED, WAW, 25/09/2018, 124
SU, VKO, LED, 22/09/2018, 96
SU, DME, LED, 17/09/2018, 116
BT, LED, SVO, 23/09/2018, 90
N4, SVO, DME, 13/09/2018, 101
SU, DME, SVO, 11/09/2018, 91
LO, LED, DME, 22/09/2018, 112
BT, SVO, WAW, 17/09/2018, 125
KL, WAW, SVO, 17/09/2018, 121
BT, SVO, KRK, 19/09/2018, 117
N4, WAW, DME, 22/09/2018, 127
LO, WAW, DME, 22/09/2018, 105
N4, DME, SVO, 12/09/2018, 92
N4, SVO, VKO, 18/09/2018, 93
BT, DME, KRK, 13/09/2018, 96
LO, KRK, SVO, 17/09/2018, 115
SU, SVO, LED, 19/09/2018, 90
N4, DME, VKO, 16/09/2018, 111
SU, SVO, VKO, 13/09/2018, 119
BT, SVO, WAW, 19/09/2018, 128
N4, VKO, KRK, 14/09/2018, 109
N4, VKO, SVO, 22/09/2018, 104
BT, DME, SVO, 21/09/2018, 99
KL, LED, WAW, 17/09/2018, 114
KL, WAW, KRK, 19/09/2018, 127
LO, VKO, LED, 23/09/2018, 109
KL, VKO, KRK, 16/09/2018, 117
N4, WAW, SVO, 19/09/2018, 102
BT, KRK, DME, 24/09/2018, 115
LO, DME, KRK, 12/09/2018, 127
SU, LED, KRK, 14/09/2018, 91
KL, VKO, KRK, 13/09/2018, 118
N4, DME, LED, 19/09/2018, 93
KL, WAW, KRK, 13/09/2018, 117
LO, SVO, LED, 22/09/2018, 97
LO, DME, LED, 16/09/2018, 127
KL, KRK, VKO, 19/09/2018, 126
KL, VKO, LED, 18/09/2018, 119
LO, SVO, LED, 11/09/2018, 99
BT, LED, WAW, 17/09/2018, 90
KL, LED, KRK, 23/09/2018, 98
SU, WAW, LED, 19/09/2018, 93
N4, WAW, KRK, 24/09/2018, 107
KL, WAW, LED, 15/09/2018, 101
KL, SVO, LED, 24/09/2018, 101
SU, VKO, SVO, 11/09/2018, 106
SU, KRK, VKO, 17/09/2018, 100
KL, LED, KRK, 14/09/2018, 119
BT, VKO, WAW, 14/09/2018, 109
BT, VKO, WAW, 18/09/2018, 105
SU, SVO, KRK, 11/09/2018, 114
KL, LED, VKO, 25/09/2018, 105
LO, SVO, VKO, 13/09/2018, 129
BT, VKO, DME, 15/09/2018, 93
LO, KRK, DME, 13/09/2018, 125
N4, LED, SVO, 24/09/2018, 111
KL, KRK, SVO, 16/09/2018, 105
N4, KRK, VKO, 18/09/2018, 130
LO, DME, VKO, 23/09/2018, 110
KL, KRK, VKO, 24/09/2018, 103
LO, SVO, VKO, 15/09/2018, 92
LO, LED, WAW, 15/09/2018, 114
KL, DME, WAW, 24/09/2018, 122
KL, KRK, VKO, 16/09/2018, 101
N4, KRK, SVO, 11/09/2018, 97
LO, WAW, LED, 12/09/2018, 110
SU, WAW, VKO, 13/09/2018, 109
N4, WAW, DME, 15/09/2018, 126
KL, VKO, LED, 17/09/2018, 109
LO, KRK, LED, 13/09/2018, 91
BT, VKO, SVO, 18/09/2018, 100
N4, SVO, LED, 22/09/2018, 121
LO, WAW, LED, 25/09/2018, 113
BT, KRK, DME, 21/09/2018, 96
KL, LED, DME, 15/09/2018, 121
BT, KRK, VKO, 12/09/2018, 92
N4, SVO, KRK, 12/09/2018, 111
LO, WAW, LED, 18/09/2018, 109
BT, SVO, VKO, 21/09/2018, 96
BT, LED, DME, 14/09/2018, 124
KL, VKO, SVO, 23/09/2018, 92
SU, KRK, VKO, 13/09/2018, 96
N4, VKO, SVO, 17/09/2018, 109
LO, WAW, DME, 24/09/2018, 94
KL, SVO, WAW, 12/09/2018, 93
LO, WAW, KRK, 18/09/2018, 122
N4, WAW, LED, 21/09/2018, 97
N4, VKO, DME, 12/09/2018, 117
N4, WAW, SVO, 23/09/2018, 129
SU, DME, LED, 25/09/2018, 114
BT, LED, DME, 21/09/2018, 118
KL, KRK, WAW, 14/09/2018, 92
KL, VKO, WAW, 21/09/2018, 102
KL, LED, SVO, 13/09/2018, 112
N4, VKO, KRK, 13/09/2018, 97
BT, DME, LED, 24/09/2018, 93
N4, DME, VKO, 12/09/2018, 128
KL, LED, SVO, 21/09/2018, 106
SU, LED, DME, 25/09/2018, 127
BT, DME, SVO, 23/09/2018, 98
KL, LED, SVO, 11/09/2018, 112
KL, KRK, DME, 19/09/2018, 108
N4, KRK, LED, 24/09/2018, 129
LO, VKO, WAW, 25/09/2018, 112
SU, SVO, VKO, 18/09/2018, 103
BT, WAW, VKO, 21/09/2018, 121
N4, KRK, VKO, 21/09/2018, 90
LO, KRK, DME, 19/09/2018, 100
N4, LED, KRK, 13/09/2018, 109
BT, VKO, SVO, 12/09/2018, 95
BT, VKO, DME, 16/09/2018, 93
LO, DME, SVO, 17/09/2018, 105
N4, DME, WAW, 13/09/2018, 107
LO, WAW, KRK, 25/09/2018, 121
BT, VKO, DME, 25/09/2018, 103
KL, KRK, LED, 19/09/2018, 107
KL, DME, VKO, 21/09/2018, 99
SU, DME, WAW, 22/09/2018, 121
SU, LED, WAW, 13/09/2018, 93
N4, SVO, WAW, 19/09/2018, 96
BT, SVO, DME, 23/09/2018, 95
BT, LED, VKO, 17/09/2018, 99
LO, LED, KRK, 14/09/2018, 102
SU, VKO, LED, 24/09/2018, 124
SU, LED, DME, 23/09/2018, 98
N4, LED, KRK, 22/09/2018, 128
N4, WAW, SVO, 25/09/2018, 97
N4, DME, VKO, 15/09/2018, 125
N4, LED, WAW, 21/09/2018, 130
SU, LED, DME, 21/09/2018, 113
KL, KRK, DME, 25/09/2018, 113
KL, VKO, SVO, 13/09/2018, 107
BT, SVO, LED, 25/09/2018, 130
BT, DME, VKO, 17/09/2018, 102
BT, LED, VKO, 19/09/2018, 123
N4, WAW, LED, 17/09/2018, 121
SU, VKO, SVO, 15/09/2018, 120
LO, SVO, LED, 13/09/2018, 126
KL, KRK, VKO, 21/09/2018, 99
LO, DME, SVO, 15/09/2018, 98
LO, LED, VKO, 23/09/2018, 91
N4, LED, WAW, 25/09/2018, 98
N4, WAW, LED, 12/09/2018, 113
BT, SVO, DME, 18/09/2018, 122
N4, KRK, VKO, 15/09/2018, 107
SU, VKO, DME, 15/09/2018, 118
SU, KRK, VKO, 14/09/2018, 112
N4, VKO, LED, 12/09/2018, 120
SU, VKO, WAW, 17/09/2018, 103
N4, WAW, DME, 14/09/2018, 121
KL, DME, LED, 15/09/2018, 125
LO, VKO, SVO, 24/09/2018, 129
BT, KRK, VKO, 21/09/2018, 103
SU, VKO, SVO, 12/09/2018, 99
BT, LED, VKO, 21/09/2018, 109
LO, LED, SVO, 17/09/2018, 94
KL, KRK, SVO, 18/09/2018, 100
LO, KRK, LED, 11/09/2018, 118
N4, LED, DME, 25/09/2018, 127
LO, SVO, KRK, 13/09/2018, 108
KL, SVO, DME, 25/09/2018, 106
BT, WAW, VKO, 18/09/2018, 118
KL, KRK, LED, 21/09/2018, 92
SU, WAW, KRK, 17/09/2018, 108
SU, KRK, DME, 15/09/2018, 126
KL, KRK, WAW, 22/09/2018, 126
SU, DME, SVO, 23/09/2018, 99
LO, VKO, SVO, 18/09/2018, 97
SU, DME, VKO, 17/09/2018, 114
KL, VKO, KRK, 17/09/2018, 97
SU, SVO, KRK, 24/09/2018, 97
SU, VKO, KRK, 25/09/2018, 117
N4, VKO, SVO, 24/09/2018, 99
SU, LED, WAW, 21/09/2018, 94
KL, KRK, SVO, 19/09/2018, 91
LO, LED, KRK, 16/09/2018, 122
N4, KRK, DME, 19/09/2018, 101
N4, DME, LED, 11/09/2018, 127
BT, VKO, KRK, 21/09/2018, 112
LO, KRK, WAW, 23/09/2018, 118
BT, WAW, SVO, 12/09/2018, 111
KL, SVO, DME, 22/09/2018, 112
LO, KRK, WAW, 22/09/2018, 102
LO, VKO, SVO, 23/09/2018, 126
LO, LED, WAW, 22/09/2018, 127
LO, WAW, DME, 14/09/2018, 116
KL, KRK, WAW, 23/09/2018, 123
LO, KRK, DME, 17/09/2018, 98
N4, DME, SVO, 19/09/2018, 114
BT, SVO, VKO, 16/09/2018, 128
SU, LED, VKO, 25/09/2018, 114
N4, WAW, KRK, 18/09/2018, 108
BT, WAW, KRK, 12/09/2018, 98
KL, LED, DME, 18/09/2018, 121
KL, VKO, DME, 16/09/2018, 110
LO, DME, KRK, 22/09/2018, 104
SU, DME, WAW, 23/09/2018, 126
SU, WAW, VKO, 23/09/2018, 129
BT, DME, LED, 17/09/2018, 123
N4, KRK, SVO, 23/09/2018, 91
BT, SVO, KRK, 11/09/2018, 109
SU, VKO, WAW, 24/09/2018, 111
N4, LED, DME, 24/09/2018, 109
N4, VKO, DME, 23/09/2018, 91
SU, KRK, LED, 16/09/2018, 119
BT, DME, VKO, 12/09/2018, 122
BT, DME, KRK, 11/09/2018, 99
BT, LED, DME, 25/09/2018, 106
SU, SVO, VKO, 23/09/2018, 119
N4, SVO, DME, 22/09/2018, 109
LO, LED, DME, 14/09/2018, 103
N4, DME, WAW, 19/09/2018, 92
LO, DME, VKO, 14/09/2018, 90
BT, KRK, LED, 24/09/2018, 112
SU, WAW, DME, 21/09/2018, 126
N4, KRK, VKO, 17/09/2018, 112
KL, DME, WAW, 12/09/2018, 117
KL, WAW, LED, 18/09/2018, 92
SU, WAW, VKO, 16/09/2018, 114
N4, VKO, DME, 11/09/2018, 122
LO, VKO, SVO, 22/09/2018, 128
LO, DME, LED, 24/09/2018, 101
BT, KRK, WAW, 13/09/2018, 120
KL, WAW, DME, 23/09/2018, 107
SU, DME, VKO, 13/09/2018, 116
N4, SVO, WAW, 16/09/2018, 124
KL, KRK, DME, 11/09/2018, 110
LO, WAW, DME, 13/09/2018, 118
KL, VKO, WAW, 16/09/2018, 112
KL, VKO, DME, 19/09/2018, 114
KL, KRK, LED, 17/09/2018, 97
N4, KRK, DME, 25/09/2018, 115
SU, VKO, SVO, 23/09/2018, 115
LO, KRK, DME, 16/09/2018, 121
BT, KRK, DME, 18/09/2018, 120
LO, DME, KRK, 23/09/2018, 90
SU, LED, SVO, 19/09/2018, 120
KL, VKO, LED, 14/09/2018, 125
N4, KRK, WAW, 15/09/2018, 95
KL, KRK, DME, 18/09/2018, 130
KL, VKO, WAW, 23/09/2018, 103
KL, WAW, KRK, 22/09/2018, 121
LO, VKO, WAW, 15/09/2018, 91
BT, WAW, LED, 23/09/2018, 102
KL, LED, DME, 16/09/2018, 128
SU, VKO, WAW, 22/09/2018, 121
BT, SVO, DME, 19/09/2018, 125
N4, SVO, WAW, 23/09/2018, 99
BT, DME, LED, 11/09/2018, 99
LO, SVO, DME, 22/09/2018, 127
N4, DME, WAW, 23/09/2018, 115
BT, VKO, WAW, 15/09/2018, 104
LO, KRK, WAW, 19/09/2018, 108
SU, LED, DME, 19/09/2018, 91
LO, KRK, SVO, 21/09/2018, 99
SU, WAW, DME, 14/09/2018, 114
N4, SVO, KRK, 13/09/2018, 119
BT, LED, VKO, 11/09/2018, 126
BT, DME, KRK, 19/09/2018, 116
LO, LED, WAW, 14/09/2018, 100
N4, KRK, WAW, 25/09/2018, 96
BT, WAW, SVO, 15/09/2018, 95
BT, VKO, KRK, 14/09/2018, 95
BT, VKO, SVO, 14/09/2018, 97
LO, SVO, WAW, 22/09/2018, 95
SU, KRK, WAW, 18/09/2018, 121
N4, KRK, SVO, 16/09/2018, 92
BT, WAW, VKO, 23/09/2018, 121
BT, VKO, LED, 19/09/2018, 118
KL, VKO, LED, 23/09/2018, 105
N4, KRK, LED, 25/09/2018, 93
KL, LED, KRK, 11/09/2018, 97
KL, SVO, KRK, 23/09/2018, 108
BT, SVO, KRK, 12/09/2018, 116
KL, SVO, KRK, 22/09/2018, 95
SU, SVO, LED, 14/09/2018, 103
BT, SVO, VKO, 18/09/2018, 99
SU, DME, SVO, 12/09/2018, 90
LO, LED, VKO, 16/09/2018, 91
LO, KRK, WAW, 14/09/2018, 97
LO, VKO, LED, 15/09/2018, 123
BT, KRK, LED, 17/09/2018, 130
KL, DME, WAW, 17/09/2018, 123
N4, LED, SVO, 17/09/2018, 104
SU, KRK, DME, 19/09/2018, 101
LO, VKO, SVO, 15/09/2018, 123
KL, WAW, SVO, 14/09/2018, 113
KL, LED, WAW, 21/09/2018, 104
SU, SVO, VKO, 12/09/2018, 106
BT, DME, WAW, 16/09/2018, 125
SU, LED, DME, 16/09/2018, 126
BT, KRK, SVO, 24/09/2018, 117
BT, DME, LED, 18/09/2018, 108
LO, KRK, WAW, 25/09/2018, 118
N4, VKO, SVO, 25/09/2018, 98
BT, KRK, SVO, 21/09/2018, 98
N4, LED, KRK, 17/09/2018, 128
LO, VKO, LED, 13/09/2018, 105
SU, WAW, SVO, 17/09/2018, 121
SU, DME, LED, 14/09/2018, 91
N4, VKO, DME, 17/09/2018, 122
BT, DME, SVO, 18/09/2018, 94
N4, LED, DME, 16/09/2018, 125
N4, SVO, KRK, 21/09/2018, 122
BT, VKO, LED, 11/09/2018, 115
N4, DME, LED, 18/09/2018, 127
SU, KRK, LED, 13/09/2018, 110
LO, LED, VKO, 11/09/2018, 103
BT, LED, DME, 19/09/2018, 110
N4, SVO, VKO, 16/09/2018, 116
KL, DME, WAW, 14/09/2018, 126
SU, SVO, WAW, 16/09/2018, 129
KL, DME, KRK, 18/09/2018, 125
KL, WAW, LED, 16/09/2018, 99
LO, WAW, VKO, 24/09/2018, 129
LO, VKO, KRK, 18/09/2018, 98
SU, KRK, WAW, 17/09/2018, 127
SU, WAW, VKO, 18/09/2018, 106
LO, DME, SVO, 24/09/2018, 93
LO, WAW, KRK, 19/09/2018, 124
N4, WAW, SVO, 12/09/2018, 123
N4, SVO, VKO, 13/09/2018, 101
LO, WAW, LED, 24/09/2018, 120
LO, KRK, SVO, 23/09/2018, 118
SU, WAW, KRK, 16/09/2018, 94
N4, WAW, DME, 17/09/2018, 113
SU, KRK, SVO, 14/09/2018, 102
BT, SVO, DME, 24/09/2018, 129
N4, DME, VKO, 24/09/2018, 94
BT, DME, KRK, 21/09/2018, 99
LO, VKO, SVO, 17/09/2018, 92
KL, SVO, LED, 23/09/2018, 125
BT, WAW, KRK, 23/09/2018, 96
LO, KRK, VKO, 23/09/2018, 93
LO, VKO, DME, 17/09/2018, 94
BT, WAW, VKO, 14/09/2018, 94
KL, KRK, SVO, 23/09/2018, 128
N4, WAW, SVO, 11/09/2018, 100
N4, DME, LED, 22/09/2018, 129
SU, KRK, SVO, 25/09/2018, 114
SU, LED, KRK, 12/09/2018, 116
N4, KRK, WAW, 11/09/2018, 103
SU, WAW, SVO, 25/09/2018, 128
LO, VKO, WAW, 14/09/2018, 102
BT, SVO, KRK, 14/09/2018, 129
SU, LED, KRK, 11/09/2018, 128
LO, LED, VKO, 14/09/2018, 110
N4, VKO, SVO, 11/09/2018, 122
LO, SVO, WAW, 11/09/2018, 104
SU, LED, WAW, 22/09/2018, 98
LO, VKO, DME, 21/09/2018, 126
BT, LED, DME, 13/09/2018, 107
N4, DME, VKO, 13/09/2018, 97
BT, SVO, LED, 15/09/2018, 122
SU, DME, KRK, 23/09/2018, 109
LO, DME, LED, 17/09/2018, 114
BT, DME, WAW, 12/09/2018, 111
N4, SVO, DME, 23/09/2018, 94
BT, KRK, LED, 18/09/2018, 109
LO, SVO, KRK, 24/09/2018, 125
BT, LED, WAW, 16/09/2018, 121
SU, WAW, KRK, 18/09/2018, 93
SU, VKO, KRK, 18/09/2018, 119
SU, KRK, SVO, 15/09/2018, 119
KL, SVO, LED, 17/09/2018, 106
LO, DME, LED, 14/09/2018, 118
LO, WAW, DME, 23/09/2018, 90
KL, LED, VKO, 11/09/2018, 94
N4, WAW, DME, 21/09/2018, 121
SU, DME, KRK, 21/09/2018, 94
N4, DME, SVO, 16/09/2018, 91
SU, VKO, SVO, 24/09/2018, 119
SU, WAW, KRK, 24/09/2018, 117
KL, KRK, WAW, 25/09/2018, 128
N4, DME, KRK, 24/09/2018, 121
N4, VKO, WAW, 21/09/2018, 119
KL, WAW, SVO, 24/09/2018, 96
SU, VKO, DME, 21/09/2018, 120
BT, KRK, LED, 13/09/2018, 124
BT, SVO, LED, 16/09/2018, 123
N4, WAW, DME, 23/09/2018, 117
BT, KRK, WAW, 23/09/2018, 129
BT, WAW, VKO, 16/09/2018, 119
SU, LED, VKO, 19/09/2018, 129
LO, LED, WAW, 12/09/2018, 116
N4, SVO, LED, 12/09/2018, 90
KL, VKO, KRK, 12/09/2018, 92
N4, WAW, VKO, 12/09/2018, 100
BT, KRK, VKO, 19/09/2018, 111
N4, SVO, WAW, 12/09/2018, 101
BT, WAW, SVO, 21/09/2018, 103
BT, WAW, LED, 11/09/2018, 123
KL, DME, LED, 24/09/2018, 129
SU, VKO, SVO, 19/09/2018, 91
KL, DME, VKO, 24/09/2018, 124
SU, LED, WAW, 14/09/2018, 91
SU, SVO, KRK, 22/09/2018, 105
SU, SVO, DME, 12/09/2018, 104
LO, KRK, VKO, 16/09/2018, 93
LO, LED, DME, 19/09/2018, 99
KL, VKO, SVO, 21/09/2018, 100
KL, DME, SVO, 14/09/2018, 109
SU, LED, VKO, 15/09/2018, 108
KL, WAW, DME, 15/09/2018, 112
SU, WAW, SVO, 19/09/2018, 125
LO, VKO, LED, 12/09/2018, 102
KL, LED, DME, 12/09/2018, 126
LO, VKO, KRK, 11/09/2018, 108
N4, DME, KRK, 13/09/2018, 94
N4, DME, VKO, 17/09/2018, 130
KL, SVO, KRK, 24/09/2018, 121
N4, VKO, KRK, 16/09/2018, 108
KL, VKO, SVO, 22/09/2018, 93
N4, SVO, LED, 21/09/2018, 99
N4, DME, VKO, 25/09/2018, 91
KL, VKO, DME, 24/09/2018, 103
SU, SVO, KRK, 18/09/2018, 125
BT, WAW, KRK, 21/09/2018, 100
BT, WAW, LED, 13/09/2018, 95
N4, LED, WAW, 16/09/2018, 128
SU, WAW, SVO, 13/09/2018, 122
N4, SVO, DME, 11/09/2018, 116
BT, WAW, SVO, 23/09/2018, 93
SU, VKO, WAW, 11/09/2018, 130
BT, KRK, LED, 19/09/2018, 91
LO, SVO, VKO, 18/09/2018, 117
N4, SVO, DME, 12/09/2018, 104
LO, VKO, DME, 14/09/2018, 118
SU, VKO, DME, 18/09/2018, 108
BT, KRK, WAW, 12/09/2018, 108
LO, WAW, VKO, 18/09/2018, 125
LO, DME, WAW, 13/09/2018, 117
SU, WAW, VKO, 12/09/2018, 129
BT, DME, WAW, 22/09/2018, 105
LO, DME, WAW, 21/09/2018, 126
N4, DME, VKO, 23/09/2018, 119
N4, WAW, KRK, 21/09/2018, 123
LO, VKO, SVO, 19/09/2018, 107
LO, VKO, DME, 13/09/2018, 117
BT, LED, WAW, 21/09/2018, 101
KL, KRK, DME, 21/09/2018, 104
BT, WAW, LED, 21/09/2018, 123
N4, SVO, LED, 14/09/2018, 119
N4, WAW, VKO, 11/09/2018, 99
LO, DME, KRK, 24/09/2018, 113
KL, SVO, LED, 16/09/2018, 127
BT, VKO, LED, 21/09/2018, 101
SU, KRK, VKO, 25/09/2018, 100
LO, DME, LED, 12/09/2018, 122
SU, KRK, DME, 24/09/2018, 112
BT, KRK, WAW, 25/09/2018, 104
KL, VKO, KRK, 19/09/2018, 97
SU, KRK, LED, 14/09/2018, 126
SU, VKO, LED, 25/09/2018, 117
N4, WAW, DME, 16/09/2018, 96
BT, KRK, WAW, 21/09/2018, 102
LO, WAW, VKO, 17/09/2018, 118
N4, LED, VKO, 15/09/2018, 124
SU, SVO, LED, 17/09/2018, 123
N4, KRK, DME, 17/09/2018, 124
SU, LED, VKO, 17/09/2018, 99
SU, SVO, VKO, 25/09/2018, 96
KL, DME, LED, 18/09/2018, 123
N4, VKO, DME, 18/09/2018, 128
KL, WAW, KRK, 24/09/2018, 119
LO, WAW, KRK, 12/09/2018, 110
SU, WAW, VKO, 11/09/2018, 117
SU, WAW, SVO, 24/09/2018, 116
BT, VKO, KRK, 17/09/2018, 115
SU, KRK, LED, 18/09/2018, 109
SU, KRK, DME, 12/09/2018, 123
KL, SVO, KRK, 17/09/2018, 90
SU, DME, SVO, 25/09/2018, 126
SU, VKO, LED, 18/09/2018, 120
LO, WAW, LED, 23/09/2018, 91
SU, DME, SVO, 14/09/2018, 97
N4, KRK, LED, 12/09/2018, 100
BT, LED, WAW, 12/09/2018, 120
LO, WAW, SVO, 24/09/2018, 118
N4, DME, WAW, 15/09/2018, 125
BT, SVO, VKO, 15/09/2018, 91
LO, LED, VKO, 21/09/2018, 122
KL, SVO, WAW, 11/09/2018, 90
BT, WAW, VKO, 11/09/2018, 93
N4, VKO, KRK, 22/09/2018, 120
SU, WAW, LED, 25/09/2018, 98
N4, WAW, KRK, 13/09/2018, 119
SU, SVO, VKO, 14/09/2018, 124
SU, WAW, DME, 15/09/2018, 101
LO, VKO, DME, 23/09/2018, 117
N4, SVO, KRK, 19/09/2018, 114
LO, VKO, KRK, 19/09/2018, 112
BT, LED, WAW, 18/09/2018, 108
BT, DME, VKO, 13/09/2018, 111
KL, WAW, VKO, 13/09/2018, 110
BT, WAW, LED, 16/09/2018, 112
LO, KRK, VKO, 15/09/2018, 121
LO, KRK, WAW, 21/09/2018, 107
LO, VKO, LED, 11/09/2018, 126
KL, VKO, LED, 24/09/2018, 102
SU, KRK, WAW, 19/09/2018, 121
LO, DME, LED, 11/09/2018, 113
BT, SVO, WAW, 24/09/2018, 92
SU, LED, KRK, 15/09/2018, 92
SU, VKO, SVO, 16/09/2018, 124
KL, SVO, LED, 14/09/2018, 115
SU, SVO, DME, 21/09/2018, 106
KL, WAW, LED, 12/09/2018, 90
KL, VKO, SVO, 17/09/2018, 100
BT, LED, KRK, 14/09/2018, 95
SU, LED, VKO, 16/09/2018, 125
LO, SVO, WAW, 19/09/2018, 97
LO, SVO, VKO, 23/09/2018, 111
KL, VKO, WAW, 24/09/2018, 115
SU, DME, WAW, 24/09/2018, 106
SU, WAW, DME, 11/09/2018, 111
BT, KRK, VKO, 24/09/2018, 113
SU, DME, VKO, 15/09/2018, 106
KL, WAW, SVO, 11/09/2018, 124
LO, KRK, VKO, 18/09/2018, 115
N4, WAW, VKO, 18/09/2018, 116
SU, VKO, KRK, 12/09/2018, 100
SU, VKO, LED, 14/09/2018, 127
LO, VKO, SVO, 13/09/2018, 106
LO, WAW, SVO, 14/09/2018, 107
BT, SVO, KRK, 18/09/2018, 103
SU, KRK, SVO, 21/09/2018, 129
SU, LED, DME, 12/09/2018, 118
SU, WAW, SVO, 15/09/2018, 95
LO, DME, WAW, 23/09/2018, 127
SU, VKO, LED, 12/09/2018, 123
KL, KRK, WAW, 19/09/2018, 104
LO, VKO, WAW, 23/09/2018, 114
LO, WAW, KRK, 16/09/2018, 96
KL, KRK, LED, 24/09/2018, 112
LO, KRK, VKO, 13/09/2018, 97
SU, SVO, KRK, 16/09/2018, 92
LO, LED, SVO, 24/09/2018, 125
SU, KRK, VKO, 21/09/2018, 117
SU, DME, SVO, 24/09/2018, 127
SU, KRK, SVO, 22/09/2018, 110
LO, WAW, VKO, 25/09/2018, 93
LO, LED, DME, 21/09/2018, 111
KL, WAW, VKO, 16/09/2018, 96
SU, WAW, SVO, 22/09/2018, 125
BT, VKO, WAW, 21/09/2018, 129
SU, VKO, WAW, 15/09/2018, 95
BT, KRK, WAW, 16/09/2018, 97
KL, DME, LED, 13/09/2018, 119
BT, KRK, WAW, 24/09/2018, 92
BT, DME, KRK, 18/09/2018, 122
N4, WAW, KRK, 22/09/2018, 115
SU, DME, WAW, 13/09/2018, 119
SU, SVO, WAW, 14/09/2018, 101
SU, VKO, SVO, 25/09/2018, 118
KL, DME, WAW, 19/09/2018, 97
BT, DME, SVO, 19/09/2018, 128
KL, WAW, LED, 24/09/2018, 125
KL, SVO, VKO, 21/09/2018, 95
LO, VKO, KRK, 25/09/2018, 111
N4, DME, LED, 12/09/2018, 113
N4, DME, KRK, 15/09/2018, 120
BT, DME, WAW, 14/09/2018, 104
KL, SVO, WAW, 22/09/2018, 92
KL, WAW, DME, 12/09/2018, 116
N4, DME, WAW, 14/09/2018, 130
N4, VKO, WAW, 25/09/2018, 113
SU, VKO, WAW, 25/09/2018, 125
N4, WAW, SVO, 18/09/2018, 109
SU, LED, KRK, 16/09/2018, 93
N4, VKO, KRK, 25/09/2018, 110
KL, VKO, LED, 19/09/2018, 118
LO, LED, KRK, 19/09/2018, 119
BT, WAW, LED, 22/09/2018, 93
KL, DME, WAW, 13/09/2018, 93
KL, LED, SVO, 18/09/2018, 113
LO, WAW, VKO, 11/09/2018, 129
KL, SVO, DME, 18/09/2018, 111
BT, LED, WAW, 14/09/2018, 130
KL, LED, VKO, 24/09/2018, 95
N4, LED, KRK, 15/09/2018, 118
LO, SVO, VKO, 12/09/2018, 121
BT, SVO, LED, 22/09/2018, 99
N4, KRK, DME, 16/09/2018, 94
LO, VKO, SVO, 25/09/2018, 116
KL, KRK, DME, 17/09/2018, 107
SU, SVO, WAW, 23/09/2018, 107
KL, KRK, VKO, 13/09/2018, 100
SU, LED, KRK, 18/09/2018, 104
KL, LED, KRK, 17/09/2018, 102
N4, KRK, WAW, 19/09/2018, 108
LO, LED, VKO, 25/09/2018, 110
LO, LED, DME, 17/09/2018, 128
N4, KRK, LED, 15/09/2018, 111
SU, VKO, WAW, 16/09/2018, 102
LO, LED, DME, 16/09/2018, 104
BT, DME, VKO, 18/09/2018, 124
KL, LED, WAW, 18/09/2018, 103
BT, KRK, LED, 22/09/2018, 112
KL, SVO, VKO, 15/09/2018, 95
BT, VKO, KRK, 13/09/2018, 94
SU, DME, VKO, 11/09/2018, 119
N4, SVO, DME, 21/09/2018, 119
N4, KRK, LED, 14/09/2018, 103
SU, SVO, VKO, 21/09/2018, 103
BT, VKO, LED, 12/09/2018, 121
SU, WAW, VKO, 14/09/2018, 103
BT, WAW, DME, 11/09/2018, 116
N4, LED, KRK, 12/09/2018, 123
KL, VKO, WAW, 18/09/2018, 125
BT, WAW, LED, 25/09/2018, 127
LO, SVO, DME, 14/09/2018, 104
SU, DME, WAW, 11/09/2018, 121
KL, VKO, KRK, 22/09/2018, 107
KL, WAW, LED, 17/09/2018, 94
N4, SVO, DME, 25/09/2018, 95
LO, SVO, KRK, 12/09/2018, 122
KL, KRK, DME, 24/09/2018, 98
N4, LED, VKO, 21/09/2018, 100
LO, WAW, SVO, 25/09/2018, 117
N4, SVO, VKO, 21/09/2018, 113
SU, WAW, LED, 13/09/2018, 91
N4, SVO, LED, 11/09/2018, 104
BT, VKO, KRK, 19/09/2018, 91
KL, KRK, DME, 13/09/2018, 96
BT, VKO, LED, 16/09/2018, 115
KL, SVO, DME, 14/09/2018, 93
SU, WAW, LED, 12/09/2018, 97
BT, DME, SVO, 12/09/2018, 117
KL, LED, DME, 14/09/2018, 101
LO, SVO, LED, 24/09/2018, 108
KL, VKO, DME, 17/09/2018, 116
SU, DME, SVO, 18/09/2018, 121
BT, SVO, KRK, 16/09/2018, 116
BT, DME, WAW, 23/09/2018, 125
BT, SVO, WAW, 23/09/2018, 120
N4, WAW, KRK, 25/09/2018, 107
LO, WAW, LED, 11/09/2018, 117
LO, SVO, WAW, 13/09/2018, 125
LO, VKO, DME, 11/09/2018, 129
KL, WAW, KRK, 11/09/2018, 119
BT, LED, WAW, 13/09/2018, 114
KL, VKO, KRK, 24/09/2018, 96
KL, KRK, SVO, 24/09/2018, 107
KL, VKO, DME, 15/09/2018, 111
N4, LED, KRK, 11/09/2018, 127
LO, LED, SVO, 23/09/2018, 101
LO, KRK, DME, 14/09/2018, 93
LO, DME, KRK, 21/09/2018, 126
LO, KRK, DME, 11/09/2018, 94
KL, KRK, VKO, 22/09/2018, 106
KL, SVO, LED, 19/09/2018, 118
KL, VKO, SVO, 18/09/2018, 94
SU, LED, VKO, 23/09/2018, 99
KL, SVO, WAW, 13/09/2018, 97
BT, WAW, SVO, 19/09/2018, 102
SU, WAW, LED, 18/09/2018, 90
N4, WAW, VKO, 16/09/2018, 98
KL, KRK, WAW, 21/09/2018, 117
N4, VKO, WAW, 12/09/2018, 119
SU, VKO, DME, 25/09/2018, 127
SU, WAW, LED, 22/09/2018, 121
LO, KRK, WAW, 12/09/2018, 122
KL, VKO, LED, 22/09/2018, 118
KL, LED, VKO, 18/09/2018, 127
LO, WAW, VKO, 22/09/2018, 126
N4, DME, WAW, 17/09/2018, 120
LO, DME, LED, 18/09/2018, 112
KL, DME, LED, 19/09/2018, 100
BT, DME, VKO, 21/09/2018, 121
KL, SVO, WAW, 24/09/2018, 106
N4, LED, DME, 19/09/2018, 108
N4, DME, KRK, 16/09/2018, 122
SU, KRK, DME, 16/09/2018, 109
KL, KRK, DME, 12/09/2018, 126
N4, KRK, DME, 14/09/2018, 105
BT, KRK, VKO, 13/09/2018, 97
LO, LED, SVO, 18/09/2018, 129
BT, DME, VKO, 24/09/2018, 114
BT, WAW, SVO, 24/09/2018, 92
KL, WAW, DME, 19/09/2018, 90
SU, KRK, DME, 18/09/2018, 109
SU, KRK, WAW, 22/09/2018, 96
KL, WAW, LED, 11/09/2018, 118
LO, LED, SVO, 22/09/2018, 94
KL, DME, LED, 12/09/2018, 103
SU, VKO, DME, 14/09/2018, 111
LO, VKO, WAW, 16/09/2018, 96
LO, VKO, DME, 16/09/2018, 92
KL, DME, SVO, 18/09/2018, 113
LO, LED, KRK, 12/09/2018, 99
LO, DME, SVO, 19/09/2018, 92
SU, WAW, KRK, 11/09/2018, 106
SU, VKO, KRK, 19/09/2018, 115
SU, SVO, VKO, 15/09/2018, 104
LO, KRK, VKO, 19/09/2018, 95
SU, LED, DME, 22/09/2018, 128
BT, VKO, DME, 17/09/2018, 91
KL, SVO, KRK, 18/09/2018, 130
KL, KRK, DME, 23/09/2018, 114
KL, WAW, KRK, 23/09/2018, 100
LO, KRK, LED, 18/09/2018, 107
BT, KRK, WAW, 15/09/2018, 122
N4, KRK, LED, 13/09/2018, 109
BT, WAW, SVO, 14/09/2018, 126
SU, KRK, SVO, 12/09/2018, 104
LO, VKO, KRK, 12/09/2018, 92
LO, WAW, VKO, 14/09/2018, 92
SU, KRK, SVO, 24/09/2018, 129
LO, SVO, DME, 19/09/2018, 130
N4, VKO, LED, 11/09/2018, 104
BT, SVO, DME, 16/09/2018, 91
LO, VKO, DME, 25/09/2018, 124
BT, KRK, DME, 22/09/2018, 113
N4, WAW, SVO, 13/09/2018, 114
KL, KRK, LED, 12/09/2018, 91
N4, DME, LED, 21/09/2018, 102
SU, DME, SVO, 19/09/2018, 114
BT, WAW, KRK, 11/09/2018, 112
N4, VKO, LED, 13/09/2018, 95
SU, LED, SVO, 17/09/2018, 91
KL, WAW, VKO, 15/09/2018, 127
KL, WAW, SVO, 18/09/2018, 127
LO, DME, LED, 21/09/2018, 92
N4, KRK, LED, 16/09/2018, 121
SU, SVO, DME, 11/09/2018, 116
SU, KRK, VKO, 15/09/2018, 124
BT, LED, KRK, 11/09/2018, 115
BT, VKO, KRK, 11/09/2018, 92
LO, SVO, KRK, 11/09/2018, 101
N4, KRK, DME, 22/09/2018, 106
N4, LED, KRK, 23/09/2018, 108
SU, VKO, KRK, 11/09/2018, 108
KL, VKO, WAW, 11/09/2018, 92
KL, SVO, WAW, 21/09/2018, 92
N4, SVO, WAW, 11/09/2018, 114
N4, WAW, KRK, 12/09/2018, 110
SU, DME, LED, 15/09/2018, 103
KL, VKO, SVO, 24/09/2018, 112
N4, WAW, DME, 19/09/2018, 120
N4, WAW, VKO, 23/09/2018, 94
BT, SVO, LED, 11/09/2018, 107
KL, DME, KRK, 25/09/2018, 115
BT, VKO, WAW, 17/09/2018, 119
BT, VKO, SVO, 13/09/2018, 93
LO, SVO, LED, 18/09/2018, 128
KL, VKO, KRK, 14/09/2018, 90
KL, SVO, WAW, 18/09/2018, 107
KL, SVO, WAW, 19/09/2018, 116
KL, DME, LED, 17/09/2018, 115
N4, KRK, LED, 23/09/2018, 90
BT, SVO, LED, 14/09/2018, 91
KL, DME, LED, 16/09/2018, 105
N4, DME, SVO, 23/09/2018, 99
SU, SVO, KRK, 21/09/2018, 122
SU, WAW, DME, 18/09/2018, 126
BT, LED, DME, 12/09/2018, 106
SU, WAW, KRK, 21/09/2018, 119
LO, LED, SVO, 12/09/2018, 123
KL, LED, WAW, 25/09/2018, 129
LO, LED, KRK, 17/09/2018, 105
LO, LED, SVO, 11/09/2018, 106
SU, WAW, LED, 11/09/2018, 91
SU, SVO, LED, 12/09/2018, 92
SU, WAW, SVO, 11/09/2018, 107
BT, VKO, SVO, 22/09/2018, 117
KL, SVO, WAW, 14/09/2018, 107
KL, DME, KRK, 19/09/2018, 121
SU, LED, SVO, 25/09/2018, 123
KL, VKO, DME, 11/09/2018, 96
SU, VKO, SVO, 14/09/2018, 125
BT, WAW, SVO, 18/09/2018, 104
KL, WAW, DME, 14/09/2018, 96
SU, KRK, WAW, 13/09/2018, 102
KL, KRK, SVO, 22/09/2018, 108
SU, SVO, WAW, 19/09/2018, 100
KL, WAW, LED, 25/09/2018, 128
N4, DME, KRK, 21/09/2018, 120
SU, DME, SVO, 22/09/2018, 129
LO, LED, DME, 13/09/2018, 100
KL, WAW, DME, 16/09/2018, 118
KL, LED, VKO, 12/09/2018, 97
BT, VKO, KRK, 15/09/2018, 92
KL, LED, SVO, 17/09/2018, 99
SU, DME, KRK, 22/09/2018, 115
N4, WAW, SVO, 21/09/2018, 118
BT, SVO, DME, 11/09/2018, 91
SU, KRK, VKO, 16/09/2018, 127
LO, DME, SVO, 23/09/2018, 123
KL, WAW, DME, 22/09/2018, 91
SU, KRK, LED, 17/09/2018, 119
KL, DME, KRK, 15/09/2018, 102
BT, WAW, DME, 25/09/2018, 128
BT, KRK, DME, 14/09/2018, 105
KL, WAW, SVO, 22/09/2018, 95
SU, LED, SVO, 18/09/2018, 108
BT, WAW, DME, 18/09/2018, 95
SU, SVO, DME, 15/09/2018, 99
KL, LED, VKO, 13/09/2018, 115
BT, SVO, WAW, 16/09/2018, 97
N4, VKO, WAW, 23/09/2018, 119
SU, SVO, DME, 24/09/2018, 108
SU, KRK, VKO, 12/09/2018, 124
LO, VKO, LED, 24/09/2018, 122
N4, LED, DME, 11/09/2018, 111
LO, WAW, VKO, 12/09/2018, 124
BT, KRK, SVO, 14/09/2018, 117
N4, KRK, DME, 18/09/2018, 124
BT, SVO, VKO, 17/09/2018, 108
SU, WAW, VKO, 24/09/2018, 113
SU, DME, SVO, 16/09/2018, 123
LO, DME, KRK, 15/09/2018, 97
N4, LED, VKO, 11/09/2018, 123
KL, VKO, SVO, 12/09/2018, 90
LO, WAW, LED, 17/09/2018, 105
BT, SVO, KRK, 25/09/2018, 115
SU, DME, KRK, 18/09/2018, 98
SU, WAW, LED, 15/09/2018, 99
KL, DME, VKO, 13/09/2018, 92
BT, LED, VKO, 24/09/2018, 103
LO, VKO, LED, 16/09/2018, 109
BT, KRK, VKO, 16/09/2018, 115
SU, VKO, KRK, 14/09/2018, 98
BT, DME, SVO, 14/09/2018, 96
LO, DME, WAW, 24/09/2018, 98
BT, LED, VKO, 16/09/2018, 116
N4, LED, SVO, 11/09/2018, 112
KL, WAW, VKO, 18/09/2018, 93
KL, WAW, DME, 25/09/2018, 119
SU, LED, VKO, 24/09/2018, 115
N4, LED, KRK, 16/09/2018, 116
SU, LED, SVO, 16/09/2018, 119
SU, WAW, DME, 24/09/2018, 100
BT, DME, KRK, 17/09/2018, 127
KL, DME, WAW, 25/09/2018, 100
N4, LED, WAW, 18/09/2018, 102
BT, SVO, VKO, 24/09/2018, 108
SU, VKO, KRK, 22/09/2018, 105
BT, KRK, SVO, 25/09/2018, 97
BT, VKO, LED, 22/09/2018, 116
KL, VKO, WAW, 15/09/2018, 114
KL, KRK, LED, 14/09/2018, 98
SU, WAW, KRK, 12/09/2018, 116
BT, VKO, WAW, 16/09/2018, 109
N4, DME, SVO, 11/09/2018, 114
LO, SVO, WAW, 12/09/2018, 120
LO, DME, SVO, 11/09/2018, 96
LO, WAW, DME, 16/09/2018, 109
N4, DME, SVO, 21/09/2018, 99
LO, VKO, LED, 21/09/2018, 92
SU, LED, DME, 24/09/2018, 115
SU, DME, KRK, 19/09/2018, 100
LO, WAW, KRK, 14/09/2018, 124
SU, KRK, SVO, 18/09/2018, 129
SU, LED, SVO, 11/09/2018, 107
LO, KRK, SVO, 14/09/2018, 101
SU, LED, VKO, 13/09/2018, 113
KL, WAW, LED, 19/09/2018, 97
BT, VKO, SVO, 16/09/2018, 130
LO, KRK, LED, 16/09/2018, 124
BT, WAW, DME, 12/09/2018, 128
SU, SVO, LED, 23/09/2018, 112
N4, SVO, DME, 14/09/2018, 106
SU, KRK, SVO, 13/09/2018, 130
BT, VKO, WAW, 25/09/2018, 117
SU, LED, VKO, 14/09/2018, 110
N4, KRK, DME, 15/09/2018, 97
BT, SVO, KRK, 22/09/2018, 117
SU, DME, VKO, 19/09/2018, 122
N4, VKO, KRK, 19/09/2018, 113
KL, VKO, DME, 14/09/2018, 127
SU, SVO, VKO, 22/09/2018, 127
SU, SVO, WAW, 13/09/2018, 97
BT, DME, VKO, 15/09/2018, 104
N4, LED, VKO, 18/09/2018, 90
N4, VKO, DME, 16/09/2018, 90
SU, VKO, LED, 19/09/2018, 103
LO, DME, VKO, 18/09/2018, 115
N4, WAW, LED, 19/09/2018, 115
LO, DME, SVO, 18/09/2018, 106
LO, VKO, KRK, 16/09/2018, 102
LO, DME, KRK, 25/09/2018, 128
LO, LED, SVO, 15/09/2018, 90
KL, DME, KRK, 14/09/2018, 102
LO, SVO, DME, 15/09/2018, 110
N4, DME, WAW, 25/09/2018, 93
LO, KRK, DME, 15/09/2018, 125
SU, DME, KRK, 11/09/2018, 111
N4, KRK, VKO, 16/09/2018, 100
N4, WAW, LED, 15/09/2018, 115
BT, WAW, KRK, 14/09/2018, 115
N4, LED, DME, 23/09/2018, 105
SU, DME, SVO, 21/09/2018, 114
KL, SVO, KRK, 11/09/2018, 91
BT, SVO, LED, 21/09/2018, 115
BT, DME, KRK, 25/09/2018, 115
LO, VKO, WAW, 18/09/2018, 96
LO, WAW, DME, 25/09/2018, 102
N4, SVO, DME, 15/09/2018, 92
BT, WAW, VKO, 12/09/2018, 114
BT, WAW, SVO, 11/09/2018, 99
KL, VKO, WAW, 22/09/2018, 106
KL, LED, DME, 23/09/2018, 128
N4, SVO, LED, 24/09/2018, 127
N4, LED, VKO, 25/09/2018, 128
N4, LED, VKO, 24/09/2018, 106
N4, DME, SVO, 25/09/2018, 91
BT, DME, VKO, 14/09/2018, 120
BT, WAW, DME, 21/09/2018, 128
KL, VKO, WAW, 25/09/2018, 121
LO, LED, DME, 18/09/2018, 97
LO, KRK, SVO, 18/09/2018, 114
LO, KRK, SVO, 16/09/2018, 123
N4, SVO, LED, 18/09/2018, 100
LO, SVO, WAW, 17/09/2018, 128
LO, SVO, VKO, 19/09/2018, 101
SU, DME, LED, 23/09/2018, 91
N4, WAW, DME, 11/09/2018, 119
BT, VKO, SVO, 15/09/2018, 102
N4, KRK, DME, 11/09/2018, 90
LO, DME, SVO, 16/09/2018, 130
N4, VKO, DME, 25/09/2018, 124
KL, WAW, LED, 22/09/2018, 116
KL, SVO, WAW, 25/09/2018, 110
SU, VKO, LED, 17/09/2018, 130
BT, DME, LED, 21/09/2018, 107
N4, SVO, KRK, 18/09/2018, 91
KL, VKO, LED, 16/09/2018, 128
N4, VKO, LED, 24/09/2018, 119
KL, DME, LED, 14/09/2018, 114
BT, KRK, VKO, 17/09/2018, 128
BT, KRK, SVO, 16/09/2018, 124
LO, WAW, KRK, 22/09/2018, 117
N4, KRK, SVO, 24/09/2018, 94
KL, DME, LED, 11/09/2018, 126
SU, DME, LED, 19/09/2018, 130
SU, KRK, VKO, 11/09/2018, 91
KL, VKO, WAW, 19/09/2018, 92
KL, KRK, LED, 13/09/2018, 115
KL, KRK, DME, 16/09/2018, 124
SU, LED, WAW, 18/09/2018, 130
BT, VKO, WAW, 19/09/2018, 96
SU, SVO, KRK, 12/09/2018, 90
N4, DME, VKO, 18/09/2018, 126
BT, LED, WAW, 15/09/2018, 98
LO, KRK, SVO, 24/09/2018, 102
LO, SVO, DME, 17/09/2018, 98
BT, LED, VKO, 18/09/2018, 118
N4, VKO, SVO, 16/09/2018, 102
BT, SVO, DME, 22/09/2018, 126
BT, LED, DME, 18/09/2018, 90
N4, LED, VKO, 22/09/2018, 95
N4, KRK, LED, 21/09/2018, 128
BT, VKO, LED, 17/09/2018, 109
N4, KRK, SVO, 14/09/2018, 119
N4, VKO, WAW, 17/09/2018, 116
LO, VKO, KRK, 14/09/2018, 90
BT, WAW, VKO, 13/09/2018, 106
BT, KRK, LED, 11/09/2018, 110
LO, DME, WAW, 15/09/2018, 91
N4, WAW, LED, 18/09/2018, 115
LO, SVO, VKO, 16/09/2018, 93
LO, KRK, DME, 18/09/2018, 117
SU, WAW, LED, 24/09/2018, 117
LO, SVO, KRK, 16/09/2018, 95
KL, VKO, LED, 21/09/2018, 112
LO, DME, WAW, 17/09/2018, 100
LO, WAW, SVO, 23/09/2018, 94
N4, VKO, DME, 14/09/2018, 123
BT, DME, KRK, 12/09/2018, 98
N4, SVO, WAW, 15/09/2018, 124
KL, KRK, WAW, 17/09/2018, 101
LO, VKO, WAW, 17/09/2018, 109
SU, WAW, KRK, 23/09/2018, 103
N4, VKO, WAW, 18/09/2018, 103
N4, SVO, LED, 25/09/2018, 113
N4, VKO, SVO, 13/09/2018, 96
N4, DME, VKO, 19/09/2018, 123
N4, LED, DME, 15/09/2018, 116
LO, LED, VKO, 12/09/2018, 92
LO, SVO, LED, 12/09/2018, 119
N4, LED, SVO, 12/09/2018, 129
SU, SVO, KRK, 14/09/2018, 113
N4, DME, SVO, 13/09/2018, 94
BT, WAW, KRK, 19/09/2018, 117
LO, KRK, WAW, 17/09/2018, 91
BT, LED, KRK, 15/09/2018, 123
N4, VKO, KRK, 12/09/2018, 97
SU, LED, WAW, 12/09/2018, 114
LO, LED, SVO, 16/09/2018, 110
BT, WAW, KRK, 18/09/2018, 99
SU, KRK, WAW, 14/09/2018, 121
BT, DME, SVO, 15/09/2018, 109
BT, VKO, DME, 13/09/2018, 121
SU, WAW, DME, 16/09/2018, 93
N4, WAW, KRK, 19/09/2018, 98
LO, WAW, LED, 16/09/2018, 108
SU, DME, LED, 16/09/2018, 94
SU, WAW, SVO, 21/09/2018, 103
SU, SVO, LED, 21/09/2018, 115
N4, SVO, WAW, 14/09/2018, 118
LO, LED, WAW, 18/09/2018, 100
BT, DME, VKO, 11/09/2018, 116
SU, VKO, WAW, 23/09/2018, 111
BT, VKO, DME, 18/09/2018, 122
N4, KRK, SVO, 22/09/2018, 100
BT, VKO, LED, 13/09/2018, 92
LO, LED, SVO, 21/09/2018, 128
LO, VKO, KRK, 17/09/2018, 103
BT, DME, WAW, 25/09/2018, 130
SU, KRK, LED, 22/09/2018, 119
LO, KRK, VKO, 22/09/2018, 115
SU, SVO, DME, 19/09/2018, 97
N4, WAW, DME, 25/09/2018, 127
N4, VKO, LED, 21/09/2018, 128
N4, KRK, LED, 19/09/2018, 100
KL, SVO, DME, 16/09/2018, 110
N4, LED, KRK, 25/09/2018, 121
N4, VKO, LED, 15/09/2018, 105
KL, WAW, VKO, 22/09/2018, 92
BT, VKO, KRK, 18/09/2018, 127
N4, WAW, SVO, 24/09/2018, 123
N4, LED, KRK, 19/09/2018, 127
KL, KRK, LED, 18/09/2018, 106
BT, WAW, DME, 13/09/2018, 111
KL, SVO, VKO, 13/09/2018, 120
SU, KRK, VKO, 24/09/2018, 95
LO, VKO, DME, 12/09/2018, 95
N4, LED, VKO, 13/09/2018, 97
KL, WAW, VKO, 25/09/2018, 104
SU, SVO, VKO, 24/09/2018, 123
N4, LED, WAW, 17/09/2018, 130
SU, DME, WAW, 14/09/2018, 117
BT, DME, LED, 12/09/2018, 92
N4, DME, SVO, 18/09/2018, 124
LO, DME, VKO, 15/09/2018, 102
KL, LED, WAW, 14/09/2018, 93
SU, KRK, LED, 19/09/2018, 120
KL, LED, SVO, 12/09/2018, 122
KL, SVO, KRK, 13/09/2018, 110
SU, SVO, KRK, 15/09/2018, 129
SU, DME, KRK, 15/09/2018, 117
N4, KRK, VKO, 11/09/2018, 130
BT, WAW, KRK, 17/09/2018, 97
LO, KRK, VKO, 11/09/2018, 114
SU, KRK, DME, 13/09/2018, 116
SU, DME, LED, 21/09/2018, 125
LO, KRK, DME, 21/09/2018, 106
LO, VKO, SVO, 14/09/2018, 112
N4, VKO, DME, 24/09/2018, 118
BT, KRK, SVO, 13/09/2018, 124
KL, LED, VKO, 21/09/2018, 110
N4, VKO, SVO, 15/09/2018, 118
BT, VKO, LED, 14/09/2018, 120
BT, WAW, LED, 19/09/2018, 104
KL, DME, WAW, 22/09/2018, 90
SU, KRK, DME, 22/09/2018, 128
LO, SVO, KRK, 23/09/2018, 121
N4, VKO, WAW, 11/09/2018, 107
LO, DME, SVO, 12/09/2018, 120
N4, WAW, VKO, 22/09/2018, 93
KL, DME, SVO, 17/09/2018, 124
LO, DME, LED, 25/09/2018, 102
SU, VKO, WAW, 14/09/2018, 99
BT, SVO, DME, 25/09/2018, 125
BT, DME, WAW, 13/09/2018, 120
N4, DME, LED, 23/09/2018, 128
LO, KRK, DME, 22/09/2018, 122
N4, LED, WAW, 23/09/2018, 114
LO, DME, SVO, 14/09/2018, 117
BT, WAW, VKO, 15/09/2018, 122
KL, WAW, VKO, 24/09/2018, 120
N4, KRK, DME, 13/09/2018, 105
KL, DME, WAW, 23/09/2018, 100
KL, SVO, LED, 22/09/2018, 92
BT, KRK, WAW, 17/09/2018, 107
LO, VKO, LED, 14/09/2018, 97
N4, DME, WAW, 22/09/2018, 109
BT, DME, LED, 23/09/2018, 127
SU, WAW, KRK, 19/09/2018, 99
LO, SVO, LED, 21/09/2018, 126
LO, KRK, WAW, 18/09/2018, 112
SU, DME, KRK, 13/09/2018, 123
SU, VKO, WAW, 21/09/2018, 107
BT, KRK, SVO, 18/09/2018, 111
SU, VKO, DME, 11/09/2018, 115
LO, DME, WAW, 19/09/2018, 124
BT, LED, VKO, 23/09/2018, 93
SU, VKO, SVO, 17/09/2018, 97
BT, SVO, VKO, 25/09/2018, 92
LO, LED, WAW, 23/09/2018, 107
BT, SVO, LED, 19/09/2018, 93
SU, SVO, LED, 15/09/2018, 126
KL, LED, SVO, 25/09/2018, 100
BT, LED, SVO, 16/09/2018, 96
N4, KRK, LED, 11/09/2018, 105
LO, DME, WAW, 16/09/2018, 93
N4, WAW, VKO, 19/09/2018, 102
SU, LED, WAW, 15/09/2018, 126
SU, DME, KRK, 25/09/2018, 118
LO, VKO, LED, 22/09/2018, 114
SU, LED, SVO, 13/09/2018, 105
LO, VKO, KRK, 21/09/2018, 118
KL, LED, DME, 13/09/2018, 123
KL, KRK, SVO, 21/09/2018, 118
N4, WAW, LED, 23/09/2018, 95
KL, SVO, LED, 21/09/2018, 119
N4, KRK, WAW, 16/09/2018, 124
BT, VKO, SVO, 25/09/2018, 100
KL, LED, VKO, 22/09/2018, 117
N4, LED, WAW, 11/09/2018, 121
SU, KRK, WAW, 15/09/2018, 115
LO, SVO, KRK, 21/09/2018, 128
KL, SVO, VKO, 11/09/2018, 90
N4, WAW, VKO, 15/09/2018, 116
KL, SVO, WAW, 23/09/2018, 108
KL, DME, WAW, 11/09/2018, 106
SU, VKO, SVO, 13/09/2018, 104
N4, DME, WAW, 11/09/2018, 123
N4, SVO, DME, 16/09/2018, 111
SU, SVO, DME, 18/09/2018, 119
N4, KRK, VKO, 23/09/2018, 115
BT, VKO, DME, 21/09/2018, 91
N4, LED, SVO, 25/09/2018, 95
SU, LED, DME, 17/09/2018, 124
KL, DME, VKO, 19/09/2018, 91
SU, DME, SVO, 15/09/2018, 128
N4, KRK, SVO, 25/09/2018, 116
BT, VKO, LED, 18/09/2018, 98
KL, VKO, LED, 11/09/2018, 117
SU, WAW, KRK, 15/09/2018, 116
LO, VKO, LED, 19/09/2018, 122
N4, DME, KRK, 14/09/2018, 99
KL, DME, LED, 21/09/2018, 127
SU, KRK, LED, 25/09/2018, 101
LO, WAW, KRK, 13/09/2018, 111
BT, VKO, LED, 25/09/2018, 112
KL, LED, VKO, 19/09/2018, 110
LO, VKO, WAW, 12/09/2018, 122
BT, KRK, SVO, 15/09/2018, 129
LO, SVO, LED, 23/09/2018, 99
BT, DME, VKO, 25/09/2018, 98
KL, LED, VKO, 16/09/2018, 119
SU, DME, SVO, 17/09/2018, 106
N4, DME, LED, 15/09/2018, 106
KL, LED, KRK, 13/09/2018, 123
BT, DME, SVO, 16/09/2018, 115
BT, LED, SVO, 21/09/2018, 129
N4, SVO, VKO, 25/09/2018, 94
KL, VKO, DME, 21/09/2018, 108
N4, VKO, LED, 19/09/2018, 106
KL, LED, WAW, 24/09/2018, 111
LO, KRK, LED, 21/09/2018, 93
LO, VKO, DME, 15/09/2018, 104
LO, DME, VKO, 25/09/2018, 100
SU, LED, WAW, 16/09/2018, 116
KL, DME, KRK, 13/09/2018, 123
SU, DME, KRK, 24/09/2018, 128
KL, DME, LED, 22/09/2018, 107
KL, VKO, DME, 18/09/2018, 114
KL, VKO, WAW, 17/09/2018, 120
BT, WAW, KRK, 13/09/2018, 114
LO, LED, VKO, 24/09/2018, 121
KL, KRK, WAW, 15/09/2018, 113
LO, VKO, SVO, 11/09/2018, 112
KL, WAW, KRK, 18/09/2018, 126
BT, KRK, DME, 15/09/2018, 121
KL, DME, SVO, 21/09/2018, 122
BT, DME, VKO, 22/09/2018, 106
N4, WAW, SVO, 17/09/2018, 91
BT, KRK, LED, 16/09/2018, 100
LO, KRK, LED, 15/09/2018, 113
LO, SVO, LED, 15/09/2018, 97
N4, KRK, SVO, 12/09/2018, 123
LO, LED, KRK, 25/09/2018, 105
N4, VKO, DME, 15/09/2018, 95
N4, WAW, VKO, 13/09/2018, 127
BT, KRK, LED, 23/09/2018, 115
BT, LED, SVO, 19/09/2018, 96
N4, SVO, KRK, 11/09/2018, 93
LO, DME, SVO, 21/09/2018, 120
BT, KRK, DME, 23/09/2018, 125
N4, VKO, KRK, 11/09/2018, 112
SU, SVO, DME, 16/09/2018, 113
SU, DME, SVO, 13/09/2018, 101
KL, DME, SVO, 19/09/2018, 100
N4, SVO, DME, 18/09/2018, 98
SU, DME, LED, 22/09/2018, 105
LO, DME, LED, 22/09/2018, 117
N4, DME, KRK, 12/09/2018, 124
LO, SVO, DME, 16/09/2018, 105
BT, WAW, DME, 22/09/2018, 106
SU, LED, VKO, 11/09/2018, 129
N4, WAW, LED, 11/09/2018, 106
BT, LED, VKO, 15/09/2018, 110
N4, KRK, DME, 24/09/2018, 124
SU, WAW, DME, 13/09/2018, 96
LO, SVO, DME, 21/09/2018, 121
KL, DME, SVO, 24/09/2018, 121
LO, DME, VKO, 16/09/2018, 99
KL, KRK, LED, 15/09/2018, 127
N4, SVO, LED, 19/09/2018, 106
LO, VKO, KRK, 13/09/2018, 99
LO, WAW, SVO, 19/09/2018, 121
LO, DME, SVO, 22/09/2018, 111
LO, KRK, SVO, 25/09/2018, 120
BT, DME, WAW, 15/09/2018, 119
N4, WAW, KRK, 17/09/2018, 125
BT, DME, LED, 14/09/2018, 110
KL, VKO, DME, 25/09/2018, 97
SU, DME, VKO, 12/09/2018, 119
N4, DME, WAW, 24/09/2018, 113
BT, VKO, DME, 11/09/2018, 127
N4, WAW, LED, 16/09/2018, 110
LO, SVO, KRK, 22/09/2018, 99
LO, WAW, VKO, 16/09/2018, 104
LO, WAW, LED, 21/09/2018, 107
SU, SVO, LED, 18/09/2018, 95
N4, LED, VKO, 14/09/2018, 119
BT, DME, WAW, 24/09/2018, 130
N4, WAW, SVO, 14/09/2018, 108
SU, DME, WAW, 15/09/2018, 105
N4, KRK, WAW, 23/09/2018, 99
LO, KRK, DME, 24/09/2018, 107
SU, DME, VKO, 24/09/2018, 110
KL, WAW, SVO, 12/09/2018, 96
N4, KRK, LED, 17/09/2018, 121
SU, LED, WAW, 24/09/2018, 104
N4, DME, WAW, 21/09/2018, 117
LO, SVO, DME, 13/09/2018, 108
BT, DME, KRK, 22/09/2018, 93
KL, WAW, LED, 23/09/2018, 98
KL, VKO, WAW, 12/09/2018, 100
LO, LED, KRK, 11/09/2018, 92
LO, VKO, LED, 18/09/2018, 130
BT, LED, WAW, 19/09/2018, 108
KL, VKO, SVO, 11/09/2018, 114
LO, SVO, KRK, 14/09/2018, 115
KL, SVO, DME, 21/09/2018, 113
BT, LED, SVO, 25/09/2018, 102
KL, LED, SVO, 15/09/2018, 111
N4, DME, WAW, 18/09/2018, 97
N4, VKO, WAW, 16/09/2018, 113
SU, LED, KRK, 22/09/2018, 96
BT, VKO, WAW, 13/09/2018, 115
BT, DME, WAW, 21/09/2018, 108
BT, WAW, LED, 24/09/2018, 92
SU, WAW, KRK, 22/09/2018, 126
SU, WAW, KRK, 25/09/2018, 113
KL, VKO, DME, 13/09/2018, 96
N4, LED, DME, 22/09/2018, 110
LO, SVO, LED, 16/09/2018, 123
KL, DME, WAW, 16/09/2018, 125
SU, KRK, LED, 24/09/2018, 115
KL, WAW, LED, 13/09/2018, 121
BT, DME, VKO, 23/09/2018, 103
LO, DME, VKO, 19/09/2018, 128
LO, VKO, KRK, 23/09/2018, 100
SU, DME, WAW, 12/09/2018, 128
KL, DME, VKO, 12/09/2018, 129
LO, WAW, DME, 11/09/2018, 93
SU, LED, KRK, 17/09/2018, 124
BT, WAW, DME, 16/09/2018, 94
N4, LED, VKO, 19/09/2018, 110
SU, SVO, VKO, 16/09/2018, 125
SU, LED, KRK, 13/09/2018, 90
KL, LED, KRK, 16/09/2018, 92
KL, WAW, DME, 13/09/2018, 98
SU, VKO, LED, 15/09/2018, 116
KL, KRK, WAW, 12/09/2018, 97
KL, LED, DME, 24/09/2018, 128
SU, WAW, VKO, 15/09/2018, 97
SU, KRK, LED, 12/09/2018, 117
N4, KRK, VKO, 24/09/2018, 113
KL, LED, DME, 11/09/2018, 117
SU, DME, KRK, 12/09/2018, 109
N4, SVO, VKO, 12/09/2018, 121
SU, SVO, WAW, 21/09/2018, 127
KL, WAW, VKO, 19/09/2018, 108
KL, DME, VKO, 25/09/2018, 95
LO, LED, WAW, 24/09/2018, 118
LO, KRK, WAW, 11/09/2018, 108
SU, KRK, SVO, 17/09/2018, 99
BT, VKO, WAW, 12/09/2018, 119
SU, WAW, SVO, 18/09/2018, 106
KL, KRK, SVO, 12/09/2018, 110
N4, WAW, DME, 13/09/2018, 112
SU, WAW, DME, 22/09/2018, 108
LO, DME, WAW, 22/09/2018, 92
BT, KRK, VKO, 18/09/2018, 123
N4, VKO, LED, 16/09/2018, 92
LO, VKO, WAW, 21/09/2018, 106
BT, WAW, LED, 12/09/2018, 95
LO, LED, SVO, 13/09/2018, 118
BT, LED, DME, 17/09/2018, 101
LO, KRK, WAW, 24/09/2018, 96
N4, LED, DME, 18/09/2018, 97
LO, WAW, KRK, 11/09/2018, 110
SU, WAW, KRK, 14/09/2018, 117
LO, LED, WAW, 16/09/2018, 111
BT, DME, LED, 19/09/2018, 99
SU, VKO, DME, 13/09/2018, 110
BT, KRK, DME, 17/09/2018, 94
BT, LED, SVO, 17/09/2018, 121
N4, VKO, LED, 23/09/2018, 130
SU, KRK, VKO, 22/09/2018, 123
N4, KRK, DME, 21/09/2018, 113
KL, SVO, WAW, 16/09/2018, 106
BT, SVO, LED, 18/09/2018, 95
BT, VKO, DME, 23/09/2018, 121
KL, DME, SVO, 15/09/2018, 125
LO, DME, VKO, 21/09/2018, 95
LO, KRK, SVO, 12/09/2018, 108
N4, LED, SVO, 16/09/2018, 108
BT, DME, LED, 22/09/2018, 122
LO, KRK, DME, 25/09/2018, 118
N4, KRK, SVO, 19/09/2018, 120
KL, LED, WAW, 19/09/2018, 115
SU, DME, WAW, 16/09/2018, 109
KL, VKO, SVO, 15/09/2018, 109
KL, LED, VKO, 23/09/2018, 100
KL, LED, KRK, 15/09/2018, 101
SU, WAW, LED, 21/09/2018, 124
N4, WAW, LED, 24/09/2018, 115
KL, KRK, LED, 16/09/2018, 99
LO, VKO, LED, 17/09/2018, 99
N4, VKO, DME, 13/09/2018, 90
KL, SVO, LED, 18/09/2018, 114
N4, WAW, KRK, 15/09/2018, 95
KL, SVO, DME, 19/09/2018, 123
BT, DME, SVO, 13/09/2018, 94
SU, LED, WAW, 23/09/2018, 128
KL, VKO, LED, 12/09/2018, 107
SU, VKO, KRK, 24/09/2018, 118
SU, DME, KRK, 16/09/2018, 128
KL, SVO, KRK, 19/09/2018, 115
BT, KRK, WAW, 18/09/2018, 126
SU, DME, VKO, 23/09/2018, 106
KL, LED, VKO, 14/09/2018, 129
N4, KRK, SVO, 17/09/2018, 92
KL, VKO, KRK, 21/09/2018, 97
SU, SVO, DME, 17/09/2018, 91
BT, SVO, WAW, 14/09/2018, 94
SU, KRK, LED, 23/09/2018, 107
BT, DME, WAW, 11/09/2018, 95
KL, KRK, VKO, 15/09/2018, 122
KL, KRK, VKO, 25/09/2018, 129
BT, KRK, DME, 13/09/2018, 106
KL, KRK, DME, 14/09/2018, 96
N4, KRK, WAW, 17/09/2018, 114
SU, LED, SVO, 15/09/2018, 93
KL, SVO, LED, 25/09/2018, 106
N4, VKO, SVO, 12/09/2018, 122
KL, SVO, KRK, 14/09/2018, 116
BT, WAW, DME, 17/09/2018, 109
SU, LED, WAW, 19/09/2018, 127
BT, SVO, WAW, 22/09/2018, 91
LO, WAW, SVO, 17/09/2018, 109
N4, DME, KRK, 25/09/2018, 123
N4, VKO, LED, 25/09/2018, 113
BT, SVO, WAW, 11/09/2018, 120
SU, KRK, WAW, 25/09/2018, 130
N4, VKO, SVO, 23/09/2018, 100
BT, WAW, LED, 18/09/2018, 123
KL, LED, DME, 25/09/2018, 102
LO, WAW, KRK, 21/09/2018, 113
KL, LED, DME, 21/09/2018, 102
BT, WAW, SVO, 22/09/2018, 93
BT, VKO, WAW, 24/09/2018, 97
BT, KRK, SVO, 19/09/2018, 103
KL, SVO, VKO, 17/09/2018, 111
SU, KRK, WAW, 24/09/2018, 104
LO, WAW, VKO, 19/09/2018, 101
N4, LED, WAW, 12/09/2018, 93
KL, DME, SVO, 12/09/2018, 95
SU, VKO, SVO, 18/09/2018, 113
BT, LED, VKO, 13/09/2018, 94
SU, KRK, DME, 25/09/2018, 106
KL, VKO, KRK, 18/09/2018, 94
BT, KRK, DME, 16/09/2018, 99
LO, SVO, VKO, 22/09/2018, 120
N4, KRK, VKO, 25/09/2018, 116
BT, KRK, LED, 15/09/2018, 112
SU, SVO, KRK, 19/09/2018, 91
N4, VKO, WAW, 19/09/2018, 114
SU, SVO, WAW, 17/09/2018, 109
SU, KRK, WAW, 21/09/2018, 106
LO, LED, VKO, 15/09/2018, 105
KL, LED, KRK, 18/09/2018, 123
BT, WAW, KRK, 15/09/2018, 90
SU, LED, KRK, 24/09/2018, 116
N4, DME, LED, 17/09/2018, 104
LO, DME, KRK, 18/09/2018, 130
SU, LED, SVO, 23/09/2018, 102
KL, DME, VKO, 11/09/2018, 120
BT, KRK, VKO, 14/09/2018, 100
N4, SVO, DME, 19/09/2018, 120
N4, LED, WAW, 15/09/2018, 100
LO, SVO, VKO, 14/09/2018, 121
BT, DME, SVO, 17/09/2018, 92
LO, SVO, WAW, 15/09/2018, 98
KL, KRK, VKO, 12/09/2018, 106
BT, VKO, SVO, 21/09/2018, 97
KL, KRK, DME, 15/09/2018, 125
KL, DME, VKO, 18/09/2018, 109
N4, LED, WAW, 22/09/2018, 112
SU, WAW, VKO, 19/09/2018, 112
BT, WAW, DME, 24/09/2018, 108
N4, VKO, WAW, 13/09/2018, 130
BT, SVO, WAW, 18/09/2018, 110
LO, LED, DME, 11/09/2018, 117
BT, LED, KRK, 22/09/2018, 116
BT, SVO, LED, 23/09/2018, 102
KL, LED, WAW, 16/09/2018, 130
N4, DME, SVO, 14/09/2018, 112
KL, SVO, VKO, 25/09/2018, 100
KL, VKO, LED, 15/09/2018, 94
SU, LED, SVO, 24/09/2018, 90
SU, WAW, LED, 16/09/2018, 109
BT, LED, KRK, 21/09/2018, 125
LO, SVO, KRK, 19/09/2018, 122
N4, KRK, WAW, 12/09/2018, 102
SU, WAW, LED, 14/09/2018, 109
N4, DME, KRK, 18/09/2018, 100
BT, WAW, VKO, 17/09/2018, 119
BT, LED, VKO, 12/09/2018, 119
KL, LED, KRK, 22/09/2018, 109
KL, SVO, VKO, 14/09/2018, 120
SU, VKO, SVO, 21/09/2018, 125
N4, KRK, WAW, 13/09/2018, 95
BT, LED, KRK, 12/09/2018, 128
N4, SVO, VKO, 15/09/2018, 91
SU, LED, WAW, 11/09/2018, 116
LO, KRK, VKO, 14/09/2018, 100
SU, SVO, VKO, 19/09/2018, 125
BT, WAW, VKO, 25/09/2018, 117
KL, SVO, VKO, 23/09/2018, 129
LO, VKO, DME, 24/09/2018, 124
KL, WAW, SVO, 19/09/2018, 103
KL, KRK, DME, 22/09/2018, 95
KL, LED, KRK, 24/09/2018, 90
LO, LED, VKO, 19/09/2018, 98
KL, KRK, VKO, 18/09/2018, 111
N4, VKO, KRK, 15/09/2018, 129
LO, WAW, VKO, 23/09/2018, 91
N4, LED, VKO, 17/09/2018, 96
LO, SVO, WAW, 14/09/2018, 117
N4, KRK, VKO, 12/09/2018, 104
BT, LED, WAW, 22/09/2018, 111
KL, WAW, DME, 17/09/2018, 104
N4, SVO, VKO, 19/09/2018, 107
N4, DME, LED, 16/09/2018, 100
SU, KRK, VKO, 19/09/2018, 95
N4, SVO, KRK, 23/09/2018, 109
SU, SVO, DME, 23/09/2018, 125
N4, SVO, KRK, 24/09/2018, 103
LO, DME, VKO, 11/09/2018, 113
BT, KRK, SVO, 22/09/2018, 126
LO, SVO, WAW, 24/09/2018, 126
SU, VKO, DME, 19/09/2018, 102
KL, SVO, DME, 12/09/2018, 116
SU, LED, KRK, 19/09/2018, 110
N4, KRK, SVO, 15/09/2018, 92
BT, LED, WAW, 24/09/2018, 109
BT, SVO, VKO, 23/09/2018, 110
SU, WAW, LED, 17/09/2018, 112
N4, SVO, WAW, 18/09/2018, 96
BT, VKO, DME, 19/09/2018, 100
SU, VKO, KRK, 13/09/2018, 112
BT, KRK, WAW, 11/09/2018, 120
KL, WAW, VKO, 11/09/2018, 123
LO, SVO, VKO, 21/09/2018, 96
KL, KRK, WAW, 16/09/2018, 93
LO, VKO, KRK, 24/09/2018, 121
LO, DME, LED, 13/09/2018, 121
KL, DME, VKO, 22/09/2018, 124
N4, LED, SVO, 15/09/2018, 95
LO, WAW, SVO, 15/09/2018, 100
BT, DME, KRK, 16/09/2018, 99
LO, DME, WAW, 14/09/2018, 111
SU, WAW, SVO, 16/09/2018, 103
BT, KRK, SVO, 11/09/2018, 99
KL, KRK, VKO, 23/09/2018, 115
SU, DME, LED, 11/09/2018, 115
LO, LED, SVO, 19/09/2018, 101
N4, WAW, LED, 25/09/2018, 99
BT, SVO, KRK, 24/09/2018, 105
KL, WAW, KRK, 14/09/2018, 109
BT, DME, LED, 15/09/2018, 119
BT, SVO, DME, 12/09/2018, 93
KL, VKO, SVO, 16/09/2018, 93
LO, DME, KRK, 19/09/2018, 104
SU, SVO, VKO, 11/09/2018, 117
BT, SVO, WAW, 21/09/2018, 98
N4, SVO, KRK, 22/09/2018, 120
SU, VKO, KRK, 16/09/2018, 125
LO, WAW, SVO, 21/09/2018, 111
N4, WAW, KRK, 16/09/2018, 119
LO, SVO, KRK, 15/09/2018, 119
BT, VKO, SVO, 17/09/2018, 103
LO, SVO, KRK, 18/09/2018, 119
BT, LED, SVO, 18/09/2018, 123
LO, DME, WAW, 25/09/2018, 115
KL, LED, VKO, 17/09/2018, 130
LO, VKO, DME, 22/09/2018, 102
SU, VKO, KRK, 17/09/2018, 109
SU, WAW, VKO, 21/09/2018, 108
SU, KRK, SVO, 23/09/2018, 127
N4, LED, DME, 12/09/2018, 128
SU, DME, LED, 18/09/2018, 112
SU, DME, LED, 12/09/2018, 117
BT, KRK, WAW, 22/09/2018, 107
SU, LED, SVO, 12/09/2018, 105
LO, VKO, DME, 19/09/2018, 123
KL, LED, KRK, 25/09/2018, 106
KL, VKO, KRK, 23/09/2018, 127
SU, SVO, DME, 13/09/2018, 125
LO, WAW, DME, 21/09/2018, 107
SU, LED, KRK, 23/09/2018, 97
BT, WAW, DME, 14/09/2018, 127
KL, KRK, WAW, 13/09/2018, 95
N4, DME, VKO, 14/09/2018, 129
KL, KRK, LED, 23/09/2018, 114
LO, WAW, SVO, 13/09/2018, 118
SU, SVO, LED, 24/09/2018, 91
N4, DME, VKO, 21/09/2018, 96
LO, WAW, LED, 15/09/2018, 106
SU, KRK, DME, 23/09/2018, 112
LO, SVO, KRK, 17/09/2018, 125
KL, KRK, VKO, 17/09/2018, 124
BT, VKO, KRK, 23/09/2018, 117
BT, SVO, WAW, 13/09/2018, 118
LO, WAW, SVO, 22/09/2018, 98
LO, WAW, KRK, 23/09/2018, 97
KL, WAW, SVO, 16/09/2018, 112
KL, WAW, LED, 21/09/2018, 109
N4, VKO, LED, 22/09/2018, 104
BT, LED, KRK, 16/09/2018, 121
BT, VKO, WAW, 22/09/2018, 90
LO, SVO, LED, 14/09/2018, 97
SU, WAW, DME, 23/09/2018, 122
BT, LED, SVO, 15/09/2018, 118
KL, LED, SVO, 22/09/2018, 94
BT, VKO, SVO, 19/09/2018, 118
BT, WAW, VKO, 19/09/2018, 104
SU, WAW, DME, 12/09/2018, 94
LO, KRK, LED, 17/09/2018, 123
BT, SVO, DME, 13/09/2018, 97
SU, DME, WAW, 19/09/2018, 103
BT, SVO, KRK, 13/09/2018, 118
LO, LED, DME, 12/09/2018, 128
BT, LED, DME, 11/09/2018, 104
BT, SVO, VKO, 19/09/2018, 109
BT, VKO, DME, 14/09/2018, 108
LO, WAW, DME, 17/09/2018, 104
N4, VKO, KRK, 23/09/2018, 97
BT, SVO, WAW, 15/09/2018, 108
N4, DME, KRK, 17/09/2018, 105
BT, WAW, LED, 15/09/2018, 91
KL, WAW, KRK, 12/09/2018, 117
N4, DME, VKO, 11/09/2018, 129
LO, SVO, VKO, 11/09/2018, 129
N4, LED, DME, 21/09/2018, 109
SU, LED, DME, 14/09/2018, 123
SU, LED, VKO, 12/09/2018, 116
LO, SVO, DME, 18/09/2018, 97
KL, KRK, SVO, 11/09/2018, 103
LO, KRK, LED, 19/09/2018, 130
N4, LED, SVO, 21/09/2018, 122
SU, DME, VKO, 25/09/2018, 129
SU, KRK, DME, 21/09/2018, 123
KL, DME, LED, 25/09/2018, 110
BT, WAW, KRK, 24/09/2018, 94
N4, DME, SVO, 17/09/2018, 130
N4, LED, SVO, 13/09/2018, 99
BT, WAW, KRK, 25/09/2018, 96
BT, SVO, LED, 13/09/2018, 98
LO, KRK, SVO, 15/09/2018, 123
BT, KRK, DME, 11/09/2018, 125
KL, LED, VKO, 15/09/2018, 100
N4, KRK, WAW, 21/09/2018, 104
LO, DME, KRK, 17/09/2018, 102
N4, WAW, VKO, 24/09/2018, 94
BT, LED, KRK, 19/09/2018, 113
BT, KRK, WAW, 19/09/2018, 103
SU, LED, SVO, 14/09/2018, 116
KL, SVO, KRK, 21/09/2018, 128
SU, VKO, KRK, 23/09/2018, 99
KL, LED, WAW, 12/09/2018, 97
KL, KRK, WAW, 24/09/2018, 113
LO, SVO, WAW, 18/09/2018, 101
LO, WAW, KRK, 15/09/2018, 103
LO, DME, LED, 19/09/2018, 109
SU, LED, SVO, 22/09/2018, 118
SU, VKO, WAW, 13/09/2018, 110
SU, LED, DME, 11/09/2018, 119
BT, LED, SVO, 12/09/2018, 93
N4, LED, KRK, 21/09/2018, 119
N4, VKO, DME, 21/09/2018, 105
N4, SVO, VKO, 11/09/2018, 111
LO, SVO, VKO, 17/09/2018, 125
BT, KRK, LED, 12/09/2018, 117
BT, LED, DME, 24/09/2018, 101
LO, KRK, VKO, 17/09/2018, 98
LO, LED, WAW, 25/09/2018, 127
N4, DME, WAW, 12/09/2018, 130
N4, LED, SVO, 14/09/2018, 104
N4, DME, LED, 25/09/2018, 123
SU, WAW, SVO, 14/09/2018, 104
KL, KRK, LED, 22/09/2018, 103
SU, SVO, KRK, 13/09/2018, 112
BT, KRK, VKO, 22/09/2018, 120
N4, VKO, DME, 19/09/2018, 130
KL, KRK, WAW, 18/09/2018, 105
LO, WAW, SVO, 12/09/2018, 106
BT, VKO, WAW, 23/09/2018, 110
N4, LED, WAW, 14/09/2018, 97
SU, KRK, SVO, 16/09/2018, 106
N4, KRK, DME, 23/09/2018, 128
LO, DME, SVO, 13/09/2018, 127
KL, KRK, VKO, 14/09/2018, 113
BT, LED, VKO, 22/09/2018, 99
SU, KRK, WAW, 16/09/2018, 113
LO, SVO, LED, 25/09/2018, 109
SU, SVO, WAW, 22/09/2018, 116
KL, WAW, DME, 11/09/2018, 122
KL, SVO, DME, 13/09/2018, 99
KL, KRK, SVO, 17/09/2018, 127
BT, LED, DME, 16/09/2018, 109
BT, DME, WAW, 18/09/2018, 100
N4, WAW, LED, 22/09/2018, 91
BT, DME, SVO, 25/09/2018, 129
SU, LED, DME, 18/09/2018, 91
LO, LED, VKO, 13/09/2018, 102
KL, WAW, VKO, 17/09/2018, 124
N4, SVO, WAW, 25/09/2018, 129
LO, KRK, SVO, 13/09/2018, 115
SU, SVO, WAW, 15/09/2018, 116
BT, WAW, SVO, 13/09/2018, 109
BT, VKO, DME, 22/09/2018, 124
N4, LED, VKO, 23/09/2018, 109
BT, SVO, WAW, 12/09/2018, 103
N4, SVO, KRK, 16/09/2018, 123
KL, SVO, DME, 17/09/2018, 106
LO, DME, LED, 23/09/2018, 117
LO, WAW, DME, 19/09/2018, 101
N4, DME, KRK, 23/09/2018, 120
N4, SVO, WAW, 22/09/2018, 119
N4, DME, KRK, 11/09/2018, 110
KL, WAW, DME, 21/09/2018, 97
N4, LED, KRK, 24/09/2018, 92
BT, VKO, LED, 24/09/2018, 94
LO, WAW, VKO, 21/09/2018, 95
SU, VKO, DME, 12/09/2018, 104
LO, SVO, KRK, 25/09/2018, 121
BT, LED, KRK, 13/09/2018, 96
KL, DME, SVO, 13/09/2018, 109
SU, KRK, WAW, 12/09/2018, 128
SU, DME, VKO, 16/09/2018, 97
BT, VKO, KRK, 22/09/2018, 111
BT, KRK, DME, 12/09/2018, 127
N4, LED, SVO, 23/09/2018, 129
BT, LED, KRK, 18/09/2018, 110
LO, LED, WAW, 11/09/2018, 118
SU, VKO, DME, 16/09/2018, 114
SU, SVO, WAW, 12/09/2018, 109
KL, LED, WAW, 11/09/2018, 123
N4, LED, DME, 17/09/2018, 122
LO, LED, VKO, 18/09/2018, 104
SU, VKO, DME, 24/09/2018, 113
KL, SVO, KRK, 15/09/2018, 126
LO, KRK, VKO, 21/09/2018, 104
BT, WAW, KRK, 16/09/2018, 121
LO, VKO, WAW, 13/09/2018, 115
BT, LED, KRK, 25/09/2018, 122
BT, SVO, KRK, 23/09/2018, 100
LO, KRK, WAW, 16/09/2018, 120
BT, VKO, SVO, 11/09/2018, 113
LO, LED, DME, 25/09/2018, 103
KL, VKO, SVO, 14/09/2018, 122
KL, LED, KRK, 21/09/2018, 120
BT, VKO, LED, 23/09/2018, 115
SU, VKO, DME, 23/09/2018, 101
SU, VKO, WAW, 18/09/2018, 111
N4, VKO, KRK, 21/09/2018, 98
SU, WAW, DME, 17/09/2018, 111
LO, LED, KRK, 18/09/2018, 126
SU, VKO, LED, 11/09/2018, 126
LO, SVO, WAW, 25/09/2018, 120
LO, VKO, KRK, 22/09/2018, 125
LO, KRK, VKO, 12/09/2018, 90
SU, VKO, SVO, 22/09/2018, 92
BT, SVO, LED, 12/09/2018, 118
N4, VKO, WAW, 24/09/2018, 121
KL, DME, SVO, 16/09/2018, 112
BT, VKO, LED, 15/09/2018, 106
KL, WAW, VKO, 21/09/2018, 129
LO, DME, KRK, 14/09/2018, 121
N4, KRK, VKO, 13/09/2018, 123
KL, LED, WAW, 23/09/2018, 114
LO, VKO, KRK, 15/09/2018, 104
BT, DME, VKO, 19/09/2018, 129
SU, VKO, KRK, 15/09/2018, 108
KL, KRK, SVO, 15/09/2018, 117
N4, SVO, DME, 24/09/2018, 101
LO, KRK, DME, 23/09/2018, 117
SU, SVO, VKO, 17/09/2018, 98
SU, VKO, LED, 21/09/2018, 91
KL, VKO, KRK, 25/09/2018, 107
N4, WAW, LED, 13/09/2018, 91
SU, SVO, DME, 14/09/2018, 118
KL, DME, VKO, 17/09/2018, 92
LO, DME, WAW, 18/09/2018, 113
LO, DME, VKO, 17/09/2018, 119
KL, VKO, DME, 23/09/2018, 115
KL, SVO, WAW, 17/09/2018, 127
KL, LED, SVO, 14/09/2018, 110
LO, SVO, WAW, 23/09/2018, 114
KL, VKO, LED, 13/09/2018, 127
BT, DME, KRK, 24/09/2018, 120
SU, LED, VKO, 21/09/2018, 120
N4, WAW, SVO, 22/09/2018, 129
SU, VKO, LED, 13/09/2018, 130
BT, LED, VKO, 14/09/2018, 95
N4, SVO, KRK, 25/09/2018, 114
LO, SVO, DME, 25/09/2018, 104
KL, LED, SVO, 16/09/2018, 111
SU, VKO, LED, 23/09/2018, 99
N4, WAW, LED, 14/09/2018, 98
KL, LED, SVO, 19/09/2018, 119
KL, DME, VKO, 16/09/2018, 110
BT, DME, KRK, 14/09/2018, 107
N4, WAW, DME, 18/09/2018, 117
SU, DME, VKO, 18/09/2018, 119
KL, WAW, KRK, 16/09/2018, 110
LO, DME, VKO, 12/09/2018, 96
BT, VKO, KRK, 12/09/2018, 97
N4, KRK, LED, 22/09/2018, 109
LO, WAW, LED, 13/09/2018, 124
SU, WAW, SVO, 23/09/2018, 118
BT, WAW, VKO, 22/09/2018, 111
BT, SVO, VKO, 14/09/2018, 112
BT, DME, KRK, 23/09/2018, 119
KL, SVO, VKO, 12/09/2018, 94
SU, LED, SVO, 21/09/2018, 127
N4, VKO, SVO, 14/09/2018, 126
SU, KRK, SVO, 11/09/2018, 107
LO, WAW, LED, 19/09/2018, 112
SU, LED, WAW, 25/09/2018, 100
SU, SVO, KRK, 23/09/2018, 122
N4, WAW, VKO, 14/09/2018, 108
LO, KRK, VKO, 24/09/2018, 109
KL, DME, KRK, 12/09/2018, 100
KL, SVO, LED, 11/09/2018, 96
BT, KRK, DME, 25/09/2018, 126
BT, VKO, KRK, 24/09/2018, 108
LO, KRK, LED, 14/09/2018, 121
BT, LED, SVO, 14/09/2018, 122
SU, DME, WAW, 17/09/2018, 111
KL, WAW, KRK, 21/09/2018, 91
KL, SVO, KRK, 25/09/2018, 112
BT, SVO, KRK, 21/09/2018, 110
N4, WAW, VKO, 21/09/2018, 118
LO, LED, DME, 24/09/2018, 115
LO, LED, KRK, 22/09/2018, 97
N4, DME, KRK, 22/09/2018, 121
SU, VKO, WAW, 19/09/2018, 125
SU, SVO, KRK, 25/09/2018, 123
KL, SVO, VKO, 19/09/2018, 94
KL, DME, KRK, 23/09/2018, 107
LO, DME, VKO, 22/09/2018, 111
SU, KRK, DME, 14/09/2018, 119
SU, WAW, VKO, 17/09/2018, 113
BT, KRK, VKO, 23/09/2018, 113
LO, SVO, VKO, 25/09/2018, 128
SU, SVO, LED, 11/09/2018, 93
SU, LED, WAW, 17/09/2018, 124
BT, LED, WAW, 11/09/2018, 130
LO, LED, SVO, 14/09/2018, 110
SU, SVO, DME, 22/09/2018, 97
BT, SVO, KRK, 15/09/2018, 94
BT, SVO, DME, 21/09/2018, 116
KL, LED, DME, 19/09/2018, 102
KL, SVO, KRK, 12/09/2018, 127
N4, DME, LED, 14/09/2018, 92
BT, SVO, VKO, 12/09/2018, 127
N4, KRK, SVO, 18/09/2018, 94
SU, LED, DME, 15/09/2018, 98
KL, DME, WAW, 18/09/2018, 100
KL, SVO, LED, 12/09/2018, 129
LO, DME, VKO, 13/09/2018, 122
BT, LED, DME, 15/09/2018, 90
LO, KRK, SVO, 22/09/2018, 124
SU, KRK, VKO, 18/09/2018, 127
N4, VKO, LED, 14/09/2018, 123
LO, KRK, LED, 22/09/2018, 121
KL, VKO, SVO, 19/09/2018, 91
BT, VKO, DME, 12/09/2018, 99
N4, KRK, WAW, 18/09/2018, 97
LO, KRK, WAW, 15/09/2018, 95
N4, SVO, LED, 15/09/2018, 90
SU, WAW, VKO, 25/09/2018, 114
BT, LED, SVO, 24/09/2018, 113
N4, LED, KRK, 18/09/2018, 116
BT, SVO, KRK, 17/09/2018, 102
BT, VKO, SVO, 24/09/2018, 110
N4, KRK, VKO, 22/09/2018, 95
BT, KRK, VKO, 25/09/2018, 95
LO, WAW, SVO, 18/09/2018, 126
KL, DME, KRK, 17/09/2018, 96
SU, DME, LED, 13/09/2018, 93
BT, LED, WAW, 23/09/2018, 110
KL, SVO, VKO, 18/09/2018, 98
N4, LED, WAW, 19/09/2018, 91
SU, DME, VKO, 22/09/2018, 98
LO, VKO, DME, 18/09/2018, 97
N4, WAW, KRK, 11/09/2018, 125
SU, LED, VKO, 18/09/2018, 92
N4, SVO, VKO, 17/09/2018, 130
N4, WAW, KRK, 23/09/2018, 130
BT, LED, DME, 22/09/2018, 92
N4, SVO, KRK, 15/09/2018, 100
KL, VKO, WAW, 13/09/2018, 105
KL, DME, KRK, 22/09/2018, 93
N4, SVO, LED, 23/09/2018, 105
LO, LED, DME, 15/09/2018, 110
KL, SVO, KRK, 16/09/2018, 125
LO, DME, LED, 15/09/2018, 130
KL, DME, VKO, 23/09/2018, 112
KL, LED, WAW, 13/09/2018, 123
KL, DME, SVO, 23/09/2018, 96
LO, SVO, VKO, 24/09/2018, 96
BT, SVO, VKO, 22/09/2018, 129
SU, DME, WAW, 21/09/2018, 121
LO, DME, KRK, 16/09/2018, 94
LO, KRK, LED, 12/09/2018, 99
BT, DME, SVO, 11/09/2018, 92
LO, SVO, WAW, 16/09/2018, 120
KL, SVO, VKO, 16/09/2018, 126
LO, LED, WAW, 19/09/2018, 116
KL, VKO, SVO, 25/09/2018, 92
N4, SVO, WAW, 21/09/2018, 116
KL, SVO, LED, 15/09/2018, 98
KL, WAW, KRK, 17/09/2018, 104
SU, WAW, LED, 23/09/2018, 117
KL, KRK, SVO, 25/09/2018, 97
KL, WAW, KRK, 25/09/2018, 128
BT, KRK, WAW, 14/09/2018, 125
LO, LED, DME, 23/09/2018, 126
KL, LED, SVO, 24/09/2018, 107
N4, VKO, LED, 17/09/2018, 130
N4, SVO, WAW, 13/09/2018, 94
KL, WAW, LED, 14/09/2018, 112
KL, KRK, WAW, 11/09/2018, 95
N4, WAW, KRK, 14/09/2018, 118
LO, SVO, DME, 24/09/2018, 106
SU, SVO, LED, 22/09/2018, 95
LO, VKO, SVO, 12/09/2018, 96
LO, VKO, WAW, 24/09/2018, 105
BT, LED, KRK, 17/09/2018, 109
N4, VKO, WAW, 14/09/2018, 103
KL, DME, SVO, 11/09/2018, 119
KL, DME, SVO, 22/09/2018, 93
N4, VKO, SVO, 18/09/2018, 122
N4, VKO, SVO, 19/09/2018, 94
KL, LED, KRK, 12/09/2018, 119
SU, VKO, KRK, 21/09/2018, 108
N4, VKO, DME, 22/09/2018, 126
KL, WAW, SVO, 25/09/2018, 126
N4, VKO, KRK, 17/09/2018, 104
BT, WAW, VKO, 24/09/2018, 118
LO, KRK, VKO, 25/09/2018, 94
LO, DME, VKO, 24/09/2018, 103
N4, KRK, VKO, 19/09/2018, 125
KL, VKO, DME, 22/09/2018, 105
N4, SVO, LED, 16/09/2018, 101
BT, DME, KRK, 15/09/2018, 95
BT, LED, DME, 23/09/2018, 107
N4, DME, VKO, 22/09/2018, 90
BT, LED, SVO, 13/09/2018, 126
N4, VKO, KRK, 18/09/2018, 130
KL, DME, WAW, 21/09/2018, 110
KL, WAW, KRK, 15/09/2018, 105
N4, SVO, LED, 17/09/2018, 115
SU, VKO, DME, 17/09/2018, 105
LO, LED, WAW, 21/09/2018, 113
N4, VKO, WAW, 22/09/2018, 104
N4, KRK, LED, 18/09/2018, 117
KL, SVO, DME, 23/09/2018, 117
KL, DME, SVO, 25/09/2018, 94
KL, LED, KRK, 19/09/2018, 115
KL, KRK, VKO, 11/09/2018, 95
BT, SVO, LED, 17/09/2018, 120
LO, LED, VKO, 22/09/2018, 95
N4, KRK, VKO, 14/09/2018, 97
N4, DME, SVO, 22/09/2018, 106
BT, DME, WAW, 17/09/2018, 120
SU, KRK, VKO, 23/09/2018, 90
N4, KRK, DME, 12/09/2018, 122
KL, SVO, LED, 13/09/2018, 105
N4, KRK, WAW, 22/09/2018, 117
KL, KRK, SVO, 14/09/2018, 99
N4, SVO, LED, 13/09/2018, 116
SU, LED, KRK, 21/09/2018, 122
N4, LED, WAW, 24/09/2018, 107
BT, VKO, WAW, 11/09/2018, 107
SU, KRK, WAW, 11/09/2018, 118
BT, SVO, DME, 15/09/2018, 104
BT, LED, KRK, 24/09/2018, 93
KL, DME, KRK, 21/09/2018, 121
KL, SVO, DME, 24/09/2018, 129
SU, KRK, DME, 17/09/2018, 115
LO, VKO, WAW, 22/09/2018, 116
BT, WAW, DME, 23/09/2018, 120
KL, WAW, DME, 24/09/2018, 121
LO, WAW, LED, 14/09/2018, 122
SU, KRK, SVO, 19/09/2018, 101
N4, WAW, DME, 12/09/2018, 110
BT, DME, VKO, 16/09/2018, 122
KL, WAW, VKO, 23/09/2018, 104
KL, VKO, WAW, 14/09/2018, 121
LO, LED, KRK, 23/09/2018, 92
N4, LED, WAW, 13/09/2018, 96
BT, WAW, SVO, 25/09/2018, 107
N4, WAW, VKO, 17/09/2018, 92
BT, WAW, SVO, 17/09/2018, 101
SU, DME, KRK, 17/09/2018, 90
KL, VKO, KRK, 15/09/2018, 124
KL, VKO, DME, 12/09/2018, 99
KL, SVO, VKO, 24/09/2018, 115
KL, KRK, SVO, 13/09/2018, 91
N4, DME, LED, 24/09/2018, 116
N4, SVO, KRK, 14/09/2018, 102
N4, LED, VKO, 16/09/2018, 96
BT, VKO, KRK, 25/09/2018, 127
LO, WAW, KRK, 17/09/2018, 100
LO, LED, KRK, 21/09/2018, 124
KL, WAW, SVO, 23/09/2018, 106
KL, KRK, LED, 11/09/2018, 93
N4, SVO, KRK, 17/09/2018, 125
BT, SVO, DME, 17/09/2018, 129
BT, VKO, DME, 24/09/2018, 118
N4, SVO, VKO, 14/09/2018, 95
BT, DME, WAW, 19/09/2018, 122
LO, WAW, VKO, 15/09/2018, 111
LO, LED, KRK, 15/09/2018, 111
LO, LED, VKO, 17/09/2018, 119
N4, LED, DME, 14/09/2018, 101
BT, WAW, SVO, 16/09/2018, 105
KL, DME, KRK, 11/09/2018, 121
BT, KRK, LED, 21/09/2018, 114
BT, KRK, SVO, 12/09/2018, 125
BT, SVO, VKO, 13/09/2018, 90
SU, DME, WAW, 18/09/2018, 92
LO, WAW, DME, 18/09/2018, 95
BT, WAW, LED, 14/09/2018, 113
BT, DME, LED, 25/09/2018, 108
BT, VKO, SVO, 23/09/2018, 98
N4, DME, SVO, 24/09/2018, 97
LO, SVO, DME, 11/09/2018, 102
LO, DME, WAW, 12/09/2018, 114
LO, VKO, WAW, 19/09/2018, 129
BT, LED, SVO, 11/09/2018, 102
BT, KRK, VKO, 15/09/2018, 105
SU, LED, VKO, 22/09/2018, 91
N4, SVO, VKO, 23/09/2018, 128
LO, WAW, DME, 15/09/2018, 99
KL, LED, DME, 22/09/2018, 125
N4, WAW, SVO, 16/09/2018, 92
KL, WAW, VKO, 14/09/2018, 128
KL, VKO, LED, 25/09/2018, 109
BT, DME, SVO, 22/09/2018, 122
